Z,symbol,even_range,pronic_endpoints,pronic_chains,total
1,H,0,0,0,0
2,He,0,1,1,2
3,Li,0,0,1,1
4,Be,0,1,1,2
5,B,0,0,1,1
6,C,0,2,3,5
7,N,0,0,3,3
8,O,0,1,1,2
9,F,0,0,1,1
10,Ne,0,2,3,5
11,Na,0,0,3,3
12,Mg,1,2,5,8
13,Al,1,0,5,6
14,Si,0,2,3,5
15,P,0,0,3,3
16,S,0,1,1,2
17,Cl,0,0,1,1
18,Ar,1,3,7,11
19,K,1,0,7,8
20,Ca,1,2,8,11
21,Sc,1,0,8,9
22,Ti,0,2,3,5
23,V,0,0,3,3
24,Cr,1,2,5,8
25,Mn,1,0,5,6
26,Fe,0,2,3,5
27,Co,0,0,3,3
28,Ni,1,2,8,11
29,Cu,1,0,8,9
30,Zn,2,4,18,24
31,Ga,2,0,18,20
32,Ge,0,1,1,2
33,As,0,0,1,1
34,Se,0,2,3,5
35,Br,0,0,3,3
36,Kr,2,3,12,17
37,Rb,2,0,12,14
38,Sr,0,2,3,5
39,Y,0,0,3,3
40,Zr,1,2,12,15
41,Nb,1,0,12,13
42,Mo,2,4,23,29
43,Tc,2,0,23,25
44,Ru,1,2,8,11
45,Rh,1,0,8,9
46,Pd,0,2,3,5
47,Ag,0,0,3,3
48,Cd,1,2,5,8
49,In,1,0,5,6
50,Sn,1,3,14,18
51,Sb,1,0,14,15
52,Te,1,2,8,11
53,I,1,0,8,9
54,Xe,2,4,23,29
55,Cs,2,0,23,25
56,Ba,1,2,23,26
57,La,1,0,23,24
58,Ce,0,2,3,5
59,Pr,0,0,3,3
60,Nd,3,4,23,30
61,Pm,3,0,23,26
62,Sm,0,2,3,5
63,Eu,0,0,3,3
64,Gd,0,1,1,2
65,Tb,0,0,1,1
66,Dy,2,4,23,29
67,Ho,2,0,23,25
68,Er,1,2,8,11
69,Tm,1,0,8,9
70,Yb,2,4,36,42
71,Lu,2,0,36,38
72,Hf,2,3,34,39
73,Ta,2,0,34,36
74,W,0,2,3,5
75,Re,0,0,3,3
76,Os,1,2,8,11
77,Ir,1,0,8,9
78,Pt,2,4,23,29
79,Au,2,0,23,25
80,Hg,1,2,12,15
81,Tl,1,0,12,13
82,Pb,0,2,3,5
83,Bi,0,0,3,3
84,Po,3,4,34,41
85,At,3,0,34,37
86,Rn,0,2,3,5
87,Fr,0,0,3,3
88,Ra,1,2,30,33
89,Ac,1,0,30,31
90,Th,4,6,71,81
91,Pa,4,0,71,75
92,U,1,2,8,11
93,Np,1,0,8,9
94,Pu,0,2,3,5
95,Am,0,0,3,3
96,Cm,1,2,5,8
97,Bk,1,0,5,6
98,Cf,1,3,25,29
99,Es,1,0,25,26
100,Fm,2,3,19,24
101,Md,2,0,19,21
102,No,2,4,23,29
103,Lr,2,0,23,25
104,Rf,1,2,30,33
105,Db,1,0,30,31
106,Sg,0,2,3,5
107,Bh,0,0,3,3
108,Hs,3,4,49,56
109,Mt,3,0,49,52
110,Ds,2,4,60,66
111,Rg,2,0,60,62
112,Cn,1,2,23,26
113,Nh,1,0,23,24
114,Fl,2,4,23,29
115,Mc,2,0,23,25
116,Lv,1,2,8,11
117,Ts,1,0,8,9
118,Og,0,2,3,5
119,,0,0,3,3
120,,3,4,45,52
121,,3,0,45,48
122,,0,2,3,5
123,,0,0,3,3
124,,1,2,8,11
125,,1,0,8,9
126,,4,6,82,92
127,,4,0,82,86
128,,0,1,1,2
129,,0,0,1,1
130,,2,4,60,66
131,,2,0,60,62
132,,3,4,68,75
133,,3,0,68,71
134,,0,2,3,5
135,,0,0,3,3
136,,1,2,30,33
137,,1,0,30,31
138,,2,4,23,29
139,,2,0,23,25
140,,3,4,41,48
141,,3,0,41,44
142,,0,2,3,5
143,,0,0,3,3
144,,2,3,42,47
145,,2,0,42,44
146,,0,2,3,5
147,,0,0,3,3
148,,1,2,8,11
149,,1,0,8,9
150,,4,6,80,90
151,,4,0,80,84
152,,1,2,30,33
153,,1,0,30,31
154,,2,4,81,87
155,,2,0,81,83
156,,3,4,79,86
157,,3,0,79,82
158,,0,2,3,5
159,,0,0,3,3
160,,1,2,12,15
161,,1,0,12,13
162,,3,5,60,68
163,,3,0,60,63
164,,1,2,8,11
165,,1,0,8,9
166,,0,2,3,5
167,,0,0,3,3
168,,3,4,56,63
169,,3,0,56,59
170,,2,4,60,66
171,,2,0,60,62
172,,1,2,8,11
173,,1,0,8,9
174,,2,4,23,29
175,,2,0,23,25
176,,1,2,57,60
177,,1,0,57,58
178,,0,2,3,5
179,,0,0,3,3
180,,5,6,127,138
181,,5,0,127,132
182,,2,4,104,110
183,,2,0,104,106
184,,1,2,30,33
185,,1,0,30,31
186,,2,4,23,29
187,,2,0,23,25
188,,1,2,8,11
189,,1,0,8,9
190,,2,4,60,66
191,,2,0,60,62
192,,1,2,5,8
193,,1,0,5,6
194,,0,2,3,5
195,,0,0,3,3
196,,2,3,30,35
197,,2,0,30,32
198,,4,6,116,126
199,,4,0,116,120
200,,2,3,41,46
201,,2,0,41,43
202,,0,2,3,5
203,,0,0,3,3
204,,3,4,79,86
205,,3,0,79,82
206,,0,2,3,5
207,,0,0,3,3
208,,1,2,80,83
209,,1,0,80,81
210,,6,8,194,208
211,,6,0,194,200
212,,1,2,8,11
213,,1,0,8,9
214,,0,2,3,5
215,,0,0,3,3
216,,3,4,71,78
217,,3,0,71,74
218,,0,2,3,5
219,,0,0,3,3
220,,3,4,75,82
221,,3,0,75,78
222,,2,4,23,29
223,,2,0,23,25
224,,1,2,23,26
225,,1,0,23,24
226,,0,2,3,5
227,,0,0,3,3
228,,3,4,79,86
229,,3,0,79,82
230,,2,4,60,66
231,,2,0,60,62
232,,1,2,30,33
233,,1,0,30,31
234,,4,6,139,149
235,,4,0,139,143
236,,1,2,8,11
237,,1,0,8,9
238,,2,4,117,123
239,,2,0,117,119
240,,3,4,122,129
241,,3,0,122,125
242,,1,3,59,63
243,,1,0,59,60
244,,1,2,8,11
245,,1,0,8,9
246,,2,4,23,29
247,,2,0,23,25
248,,1,2,30,33
249,,1,0,30,31
250,,2,4,60,66
251,,2,0,60,62
252,,5,6,138,149
253,,5,0,138,143
254,,0,2,3,5
255,,0,0,3,3
256,,0,1,1,2
257,,0,0,1,1
258,,2,4,23,29
259,,2,0,23,25
260,,3,4,98,105
261,,3,0,98,101
262,,0,2,3,5
263,,0,0,3,3
264,,3,4,90,97
265,,3,0,90,93
266,,2,4,117,123
267,,2,0,117,119
268,,1,2,8,11
269,,1,0,8,9
270,,6,8,223,237
271,,6,0,223,229
272,,1,2,122,125
273,,1,0,122,123
274,,0,2,3,5
275,,0,0,3,3
276,,3,4,79,86
277,,3,0,79,82
278,,0,2,3,5
279,,0,0,3,3
280,,3,4,63,70
281,,3,0,63,66
282,,2,4,23,29
283,,2,0,23,25
284,,1,2,8,11
285,,1,0,8,9
286,,2,4,138,144
287,,2,0,138,140
288,,2,3,42,47
289,,2,0,42,44
290,,2,4,60,66
291,,2,0,60,62
292,,1,2,8,11
293,,1,0,8,9
294,,4,6,137,147
295,,4,0,137,141
296,,1,2,30,33
297,,1,0,30,31
298,,0,2,3,5
299,,0,0,3,3
300,,5,6,196,207
301,,5,0,196,201
302,,0,2,3,5
303,,0,0,3,3
304,,1,2,122,125
305,,1,0,122,123
306,,4,6,197,207
307,,4,0,197,201
308,,3,4,86,93
309,,3,0,86,89
310,,2,4,60,66
311,,2,0,60,62
312,,3,4,113,120
313,,3,0,113,116
314,,0,2,3,5
315,,0,0,3,3
316,,1,2,8,11
317,,1,0,8,9
318,,2,4,23,29
319,,2,0,23,25
320,,1,2,12,15
321,,1,0,12,13
322,,2,4,117,123
323,,2,0,117,119
324,,4,5,116,125
325,,4,0,116,120
326,,0,2,3,5
327,,0,0,3,3
328,,1,2,30,33
329,,1,0,30,31
330,,6,8,242,256
331,,6,0,242,248
332,,1,2,8,11
333,,1,0,8,9
334,,0,2,3,5
335,,0,0,3,3
336,,3,4,148,155
337,,3,0,148,151
338,,1,3,82,86
339,,1,0,82,83
340,,3,4,156,163
341,,3,0,156,159
342,,4,6,214,224
343,,4,0,214,218
344,,1,2,30,33
345,,1,0,30,31
346,,0,2,3,5
347,,0,0,3,3
348,,3,4,79,86
349,,3,0,79,82
350,,4,6,174,184
351,,4,0,174,178
352,,1,2,57,60
353,,1,0,57,58
354,,2,4,23,29
355,,2,0,23,25
356,,1,2,8,11
357,,1,0,8,9
358,,0,2,3,5
359,,0,0,3,3
360,,5,6,188,199
361,,5,0,188,193
362,,0,2,3,5
363,,0,0,3,3
364,,3,4,109,116
365,,3,0,109,112
366,,2,4,23,29
367,,2,0,23,25
368,,1,2,122,125
369,,1,0,122,123
370,,2,4,60,66
371,,2,0,60,62
372,,3,4,79,86
373,,3,0,79,82
374,,2,4,196,202
375,,2,0,196,198
376,,1,2,30,33
377,,1,0,30,31
378,,6,8,328,342
379,,6,0,328,334
380,,3,4,191,198
381,,3,0,191,194
382,,0,2,3,5
383,,0,0,3,3
384,,1,2,5,8
385,,1,0,5,6
386,,0,2,3,5
387,,0,0,3,3
388,,1,2,8,11
389,,1,0,8,9
390,,6,8,265,279
391,,6,0,265,271
392,,2,3,52,57
393,,2,0,52,54
394,,0,2,3,5
395,,0,0,3,3
396,,5,6,172,183
397,,5,0,172,177
398,,0,2,3,5
399,,0,0,3,3
400,,2,3,133,138
401,,2,0,133,135
402,,2,4,23,29
403,,2,0,23,25
404,,1,2,8,11
405,,1,0,8,9
406,,2,4,117,123
407,,2,0,117,119
408,,3,4,171,178
409,,3,0,171,174
410,,2,4,60,66
411,,2,0,60,62
412,,1,2,8,11
413,,1,0,8,9
414,,4,6,214,224
415,,4,0,214,218
416,,1,2,80,83
417,,1,0,80,81
418,,2,4,231,237
419,,2,0,231,233
420,,7,8,409,424
421,,7,0,409,416
422,,0,2,3,5
423,,0,0,3,3
424,,1,2,30,33
425,,1,0,30,31
426,,2,4,23,29
427,,2,0,23,25
428,,1,2,8,11
429,,1,0,8,9
430,,2,4,60,66
431,,2,0,60,62
432,,3,4,163,170
433,,3,0,163,166
434,,2,4,117,123
435,,2,0,117,119
436,,1,2,8,11
437,,1,0,8,9
438,,2,4,23,29
439,,2,0,23,25
440,,3,4,97,104
441,,3,0,97,100
442,,2,4,219,225
443,,2,0,219,221
444,,3,4,79,86
445,,3,0,79,82
446,,0,2,3,5
447,,0,0,3,3
448,,1,2,23,26
449,,1,0,23,24
450,,7,9,377,393
451,,7,0,377,384
452,,1,2,8,11
453,,1,0,8,9
454,,0,2,3,5
455,,0,0,3,3
456,,3,4,206,213
457,,3,0,206,209
458,,0,2,3,5
459,,0,0,3,3
460,,3,4,210,217
461,,3,0,210,213
462,,6,8,404,418
463,,6,0,404,410
464,,1,2,122,125
465,,1,0,122,123
466,,0,2,3,5
467,,0,0,3,3
468,,5,6,195,206
469,,5,0,195,200
470,,2,4,60,66
471,,2,0,60,62
472,,1,2,30,33
473,,1,0,30,31
474,,2,4,23,29
475,,2,0,23,25
476,,3,4,167,174
477,,3,0,167,170
478,,0,2,3,5
479,,0,0,3,3
480,,3,4,122,129
481,,3,0,122,125
482,,0,2,3,5
483,,0,0,3,3
484,,2,3,64,69
485,,2,0,64,66
486,,4,6,214,224
487,,4,0,214,218
488,,1,2,30,33
489,,1,0,30,31
490,,4,6,174,184
491,,4,0,174,178
492,,3,4,79,86
493,,3,0,79,82
494,,2,4,254,260
495,,2,0,254,256
496,,1,2,122,125
497,,1,0,122,123
498,,2,4,23,29
499,,2,0,23,25
500,,3,4,210,217
501,,3,0,210,213
502,,0,2,3,5
503,,0,0,3,3
504,,5,6,304,315
505,,5,0,304,309
506,,2,4,291,297
507,,2,0,291,293
508,,1,2,8,11
509,,1,0,8,9
510,,6,8,323,337
511,,6,0,323,329
512,,0,1,1,2
513,,0,0,1,1
514,,0,2,3,5
515,,0,0,3,3
516,,3,4,79,86
517,,3,0,79,82
518,,2,4,117,123
519,,2,0,117,119
520,,3,4,120,127
521,,3,0,120,123
522,,4,6,214,224
523,,4,0,214,218
524,,1,2,8,11
525,,1,0,8,9
526,,0,2,3,5
527,,0,0,3,3
528,,3,4,182,189
529,,3,0,182,185
530,,2,4,60,66
531,,2,0,60,62
532,,3,4,202,209
533,,3,0,202,205
534,,2,4,23,29
535,,2,0,23,25
536,,1,2,30,33
537,,1,0,30,31
538,,0,2,3,5
539,,0,0,3,3
540,,7,8,424,439
541,,7,0,424,431
542,,0,2,3,5
543,,0,0,3,3
544,,1,2,138,141
545,,1,0,138,139
546,,6,8,427,441
547,,6,0,427,433
548,,1,2,8,11
549,,1,0,8,9
550,,4,6,348,358
551,,4,0,348,352
552,,3,4,288,295
553,,3,0,288,291
554,,0,2,3,5
555,,0,0,3,3
556,,1,2,8,11
557,,1,0,8,9
558,,4,6,214,224
559,,4,0,214,218
560,,3,4,155,162
561,,3,0,155,158
562,,0,2,3,5
563,,0,0,3,3
564,,3,4,79,86
565,,3,0,79,82
566,,0,2,3,5
567,,0,0,3,3
568,,1,2,30,33
569,,1,0,30,31
570,,6,8,358,372
571,,6,0,358,364
572,,3,4,143,150
573,,3,0,143,146
574,,2,4,117,123
575,,2,0,117,119
576,,2,3,42,47
577,,2,0,42,44
578,,1,3,140,144
579,,1,0,140,141
580,,3,4,210,217
581,,3,0,210,213
582,,2,4,23,29
583,,2,0,23,25
584,,1,2,30,33
585,,1,0,30,31
586,,0,2,3,5
587,,0,0,3,3
588,,5,6,312,323
589,,5,0,312,317
590,,2,4,60,66
591,,2,0,60,62
592,,1,2,122,125
593,,1,0,122,123
594,,6,8,502,516
595,,6,0,502,508
596,,1,2,8,11
597,,1,0,8,9
598,,2,4,336,342
599,,2,0,336,338
600,,5,6,428,439
601,,5,0,428,433
602,,2,3,116,121
603,,2,0,116,118
604,,1,1,7,9
605,,1,0,7,8
606,,2,3,22,27
607,,2,0,22,24
608,,1,1,172,174
609,,1,0,172,173
610,,2,3,59,64
611,,2,0,59,61
612,,5,5,252,262
613,,5,0,252,257
614,,0,1,2,3
615,,0,0,2,2
616,,3,3,107,113
617,,3,0,107,110
618,,2,3,22,27
619,,2,0,22,24
620,,3,3,209,215
621,,3,0,209,212
622,,0,1,2,3
623,,0,0,2,2
624,,3,3,204,210
625,,3,0,204,207
626,,0,1,2,3
627,,0,0,2,2
628,,1,1,7,9
629,,1,0,7,8
630,,10,11,701,722
631,,10,0,701,711
632,,1,1,29,31
633,,1,0,29,30
634,,0,1,2,3
635,,0,0,2,2
636,,3,3,78,84
637,,3,0,78,81
638,,2,3,290,295
639,,2,0,290,292
640,,1,1,11,13
641,,1,0,11,12
642,,2,3,22,27
643,,2,0,22,24
644,,3,3,283,289
645,,3,0,283,286
646,,2,3,311,316
647,,2,0,311,313
648,,4,4,347,355
649,,4,0,347,351
650,,3,5,439,447
651,,3,0,439,442
652,,1,1,7,9
653,,1,0,7,8
654,,2,3,22,27
655,,2,0,22,24
656,,1,1,121,123
657,,1,0,121,122
658,,2,3,116,121
659,,2,0,116,118
660,,7,7,442,456
661,,7,0,442,449
662,,0,1,2,3
663,,0,0,2,2
664,,1,1,29,31
665,,1,0,29,30
666,,4,5,213,222
667,,4,0,213,217
668,,1,1,7,9
669,,1,0,7,8
670,,2,3,59,64
671,,2,0,59,61
672,,3,3,237,243
673,,3,0,237,240
674,,0,1,2,3
675,,0,0,2,2
676,,2,2,86,90
677,,2,0,86,88
678,,2,3,22,27
679,,2,0,22,24
680,,3,3,177,183
681,,3,0,177,180
682,,2,3,290,295
683,,2,0,290,292
684,,5,5,287,297
685,,5,0,287,292
686,,2,3,116,121
687,,2,0,116,118
688,,1,1,121,123
689,,1,0,121,122
690,,6,7,439,452
691,,6,0,439,445
692,,1,1,7,9
693,,1,0,7,8
694,,0,1,2,3
695,,0,0,2,2
696,,3,3,310,316
697,,3,0,310,313
698,,0,1,2,3
699,,0,0,2,2
700,,4,5,532,541
701,,4,0,532,536
702,,5,7,618,630
703,,5,0,618,623
704,,1,1,56,58
705,,1,0,56,57
706,,0,1,2,3
707,,0,0,2,2
708,,3,3,78,84
709,,3,0,78,81
710,,2,3,59,64
711,,2,0,59,61
712,,1,1,29,31
713,,1,0,29,30
714,,6,7,484,497
715,,6,0,484,490
716,,1,1,7,9
717,,1,0,7,8
718,,0,1,2,3
719,,0,0,2,2
720,,5,5,279,289
721,,5,0,279,284
722,,1,2,174,177
723,,1,0,174,175
724,,1,1,7,9
725,,1,0,7,8
726,,4,5,310,319
727,,4,0,310,314
728,,3,3,130,136
729,,3,0,130,133
730,,2,3,59,64
731,,2,0,59,61
732,,3,3,78,84
733,,3,0,78,81
734,,0,1,2,3
735,,0,0,2,2
736,,1,1,254,256
737,,1,0,254,255
738,,4,5,213,222
739,,4,0,213,217
740,,3,3,209,215
741,,3,0,209,212
742,,2,3,116,121
743,,2,0,116,118
744,,3,3,310,316
745,,3,0,310,313
746,,0,1,2,3
747,,0,0,2,2
748,,3,3,200,206
749,,3,0,200,203
750,,5,7,486,498
751,,5,0,486,491
752,,1,1,121,123
753,,1,0,121,122
754,,1,3,407,411
755,,1,0,407,408
756,,6,7,700,713
757,,6,0,700,706
758,,0,1,2,3
759,,0,0,2,2
760,,3,3,212,218
761,,3,0,212,215
762,,2,3,22,27
763,,2,0,22,24
764,,1,1,7,9
765,,1,0,7,8
766,,0,1,2,3
767,,0,0,2,2
768,,1,1,4,6
769,,1,0,4,5
770,,6,7,461,474
771,,6,0,461,467
772,,1,1,7,9
773,,1,0,7,8
774,,4,5,213,222
775,,4,0,213,217
776,,1,1,29,31
777,,1,0,29,30
778,,0,1,2,3
779,,0,0,2,2
780,,7,7,465,479
781,,7,0,465,472
782,,2,3,393,398
783,,2,0,393,395
784,,2,2,143,147
785,,2,0,143,145
786,,2,3,22,27
787,,2,0,22,24
788,,1,1,7,9
789,,1,0,7,8
790,,2,3,59,64
791,,2,0,59,61
792,,5,5,403,413
793,,5,0,403,408
794,,0,1,2,3
795,,0,0,2,2
796,,1,1,7,9
797,,1,0,7,8
798,,6,7,519,532
799,,6,0,519,525
800,,1,2,312,315
801,,1,0,312,313
802,,0,1,2,3
803,,0,0,2,2
804,,3,3,78,84
805,,3,0,78,81
806,,1,3,407,411
807,,1,0,407,408
808,,1,1,29,31
809,,1,0,29,30
810,,7,9,728,744
811,,7,0,728,735
812,,2,3,408,413
813,,2,0,408,410
814,,2,3,290,295
815,,2,0,290,292
816,,3,3,262,268
817,,3,0,262,265
818,,0,1,2,3
819,,0,0,2,2
820,,3,3,209,215
821,,3,0,209,212
822,,2,3,22,27
823,,2,0,22,24
824,,1,1,29,31
825,,1,0,29,30
826,,2,3,116,121
827,,2,0,116,118
828,,5,5,369,379
829,,5,0,369,374
830,,2,3,59,64
831,,2,0,59,61
832,,1,1,79,81
833,,1,0,79,80
834,,2,3,22,27
835,,2,0,22,24
836,,3,3,235,241
837,,3,0,235,238
838,,0,1,2,3
839,,0,0,2,2
840,,7,7,660,674
841,,7,0,660,667
842,,0,1,2,3
843,,0,0,2,2
844,,1,1,7,9
845,,1,0,7,8
846,,4,5,213,222
847,,4,0,213,217
848,,1,1,121,123
849,,1,0,121,122
850,,3,5,497,505
851,,3,0,497,500
852,,3,3,78,84
853,,3,0,78,81
854,,2,3,116,121
855,,2,0,116,118
856,,1,1,29,31
857,,1,0,29,30
858,,5,7,715,727
859,,5,0,715,720
860,,3,3,209,215
861,,3,0,209,212
862,,0,1,2,3
863,,0,0,2,2
864,,2,3,393,398
865,,2,0,393,395
866,,0,1,2,3
867,,0,0,2,2
868,,2,3,408,413
869,,2,0,408,410
870,,5,7,592,604
871,,5,0,592,597
872,,1,1,29,31
873,,1,0,29,30
874,,2,3,428,433
875,,2,0,428,430
876,,3,3,78,84
877,,3,0,78,81
878,,0,1,2,3
879,,0,0,2,2
880,,3,3,188,194
881,,3,0,188,191
882,,7,8,538,553
883,,7,0,538,545
884,,3,3,223,229
885,,3,0,223,226
886,,0,1,2,3
887,,0,0,2,2
888,,3,3,310,316
889,,3,0,310,313
890,,2,3,59,64
891,,2,0,59,61
892,,1,1,7,9
893,,1,0,7,8
894,,2,3,22,27
895,,2,0,22,24
896,,1,1,22,24
897,,1,0,22,23
898,,0,1,2,3
899,,0,0,2,2
900,,7,8,724,739
901,,7,0,724,731
902,,2,3,290,295
903,,2,0,290,292
904,,1,1,29,31
905,,1,0,29,30
906,,2,3,22,27
907,,2,0,22,24
908,,1,1,7,9
909,,1,0,7,8
910,,5,7,578,590
911,,5,0,578,583
912,,3,3,297,303
913,,3,0,297,300
914,,0,1,2,3
915,,0,0,2,2
916,,1,1,7,9
917,,1,0,7,8
918,,5,7,702,714
919,,5,0,702,707
920,,3,3,294,300
921,,3,0,294,297
922,,0,1,2,3
923,,0,0,2,2
924,,6,7,746,759
925,,6,0,746,752
926,,0,1,2,3
927,,0,0,2,2
928,,0,1,407,408
929,,0,0,407,407
930,,5,7,621,633
931,,5,0,621,626
932,,1,1,7,9
933,,1,0,7,8
934,,0,1,2,3
935,,0,0,2,2
936,,5,5,426,436
937,,5,0,426,431
938,,2,3,116,121
939,,2,0,116,118
940,,3,3,209,215
941,,3,0,209,212
942,,2,3,22,27
943,,2,0,22,24
944,,1,1,121,123
945,,1,0,121,122
946,,2,3,290,295
947,,2,0,290,292
948,,3,3,78,84
949,,3,0,78,81
950,,3,5,532,540
951,,3,0,532,535
952,,3,3,188,194
953,,3,0,188,191
954,,4,5,213,222
955,,4,0,213,217
956,,1,1,7,9
957,,1,0,7,8
958,,0,1,2,3
959,,0,0,2,2
960,,3,3,121,127
961,,3,0,121,124
962,,1,3,407,411
963,,1,0,407,408
964,,1,1,7,9
965,,1,0,7,8
966,,6,7,601,614
967,,6,0,601,607
968,,2,2,85,89
969,,2,0,85,87
970,,2,3,59,64
971,,2,0,59,61
972,,4,5,467,476
973,,4,0,467,471
974,,0,1,2,3
975,,0,0,2,2
976,,1,1,121,123
977,,1,0,121,122
978,,2,3,22,27
979,,2,0,22,24
980,,4,5,610,619
981,,4,0,610,614
982,,0,1,2,3
983,,0,0,2,2
984,,3,3,310,316
985,,3,0,310,313
986,,1,3,546,550
987,,1,0,546,547
988,,3,3,258,264
989,,3,0,258,261
990,,9,11,1100,1120
991,,9,0,1100,1109
992,,0,1,466,467
993,,0,0,466,466
994,,2,3,116,121
995,,2,0,116,118
996,,3,3,78,84
997,,3,0,78,81
998,,0,1,2,3
999,,0,0,2,2
1000,,2,3,341,346
1001,,2,0,341,343
1002,,2,3,22,27
1003,,2,0,22,24
1004,,1,1,7,9
1005,,1,0,7,8
1006,,0,1,2,3
1007,,0,0,2,2
1008,,5,5,395,405
1009,,5,0,395,400
1010,,2,3,59,64
1011,,2,0,59,61
1012,,3,3,317,323
1013,,3,0,317,320
1014,,3,5,427,435
1015,,3,0,427,430
1016,,1,1,29,31
1017,,1,0,29,30
1018,,0,1,2,3
1019,,0,0,2,2
1020,,7,7,523,537
1021,,7,0,523,530
1022,,2,3,116,121
1023,,2,0,116,118
1024,,0,0,0,0
1025,,0,0,0,0
1026,,5,7,737,749
1027,,5,0,737,742
1028,,1,1,7,9
1029,,1,0,7,8
1030,,2,3,59,64
1031,,2,0,59,61
1032,,3,3,310,316
1033,,3,0,310,313
1034,,2,3,290,295
1035,,2,0,290,292
1036,,2,3,408,413
1037,,2,0,408,410
1038,,2,3,22,27
1039,,2,0,22,24
1040,,3,3,211,217
1041,,3,0,211,214
1042,,0,1,2,3
1043,,0,0,2,2
1044,,4,5,522,531
1045,,4,0,522,526
1046,,0,1,2,3
1047,,0,0,2,2
1048,,1,1,29,31
1049,,1,0,29,30
1050,,8,11,1247,1266
1051,,8,0,1247,1255
1052,,1,1,7,9
1053,,1,0,7,8
1054,,1,3,605,609
1055,,1,0,605,606
1056,,2,3,557,562
1057,,2,0,557,559
1058,,1,2,256,259
1059,,1,0,256,257
1060,,3,3,209,215
1061,,3,0,209,212
1062,,4,5,213,222
1063,,4,0,213,217
1064,,3,3,223,229
1065,,3,0,223,226
1066,,1,3,407,411
1067,,1,0,407,408
1068,,3,3,78,84
1069,,3,0,78,81
1070,,2,3,59,64
1071,,2,0,59,61
1072,,1,1,121,123
1073,,1,0,121,122
1074,,2,3,22,27
1075,,2,0,22,24
1076,,1,1,7,9
1077,,1,0,7,8
1078,,4,5,404,413
1079,,4,0,404,408
1080,,6,7,816,829
1081,,6,0,816,822
1082,,0,1,2,3
1083,,0,0,2,2
1084,,1,1,7,9
1085,,1,0,7,8
1086,,2,3,22,27
1087,,2,0,22,24
1088,,1,1,137,139
1089,,1,0,137,138
1090,,2,3,59,64
1091,,2,0,59,61
1092,,6,7,769,782
1093,,6,0,769,775
1094,,0,1,2,3
1095,,0,0,2,2
1096,,1,1,29,31
1097,,1,0,29,30
1098,,4,5,213,222
1099,,4,0,213,217
1100,,4,5,566,575
1101,,4,0,566,570
1102,,1,3,581,585
1103,,1,0,581,582
1104,,3,3,379,385
1105,,3,0,379,382
1106,,2,3,116,121
1107,,2,0,116,118
1108,,1,1,7,9
1109,,1,0,7,8
1110,,5,7,621,633
1111,,5,0,621,626
1112,,1,1,29,31
1113,,1,0,29,30
1114,,0,1,2,3
1115,,0,0,2,2
1116,,4,5,581,590
1117,,4,0,581,585
1118,,1,3,407,411
1119,,1,0,407,408
1120,,2,3,530,535
1121,,2,0,530,532
1122,,5,7,976,988
1123,,5,0,976,981
1124,,1,1,7,9
1125,,1,0,7,8
1126,,0,1,2,3
1127,,0,0,2,2
1128,,3,3,310,316
1129,,3,0,310,313
1130,,2,3,59,64
1131,,2,0,59,61
1132,,1,1,7,9
1133,,1,0,7,8
1134,,7,9,890,906
1135,,7,0,890,897
1136,,1,1,121,123
1137,,1,0,121,122
1138,,0,1,2,3
1139,,0,0,2,2
1140,,7,7,558,572
1141,,7,0,558,565
1142,,0,1,2,3
1143,,0,0,2,2
1144,,3,3,164,170
1145,,3,0,164,167
1146,,2,3,22,27
1147,,2,0,22,24
1148,,2,3,408,413
1149,,2,0,408,410
1150,,3,5,614,622
1151,,3,0,614,617
1152,,2,2,41,45
1153,,2,0,41,43
1154,,0,1,2,3
1155,,0,0,2,2
1156,,2,2,144,148
1157,,2,0,144,146
1158,,2,3,22,27
1159,,2,0,22,24
1160,,2,3,447,452
1161,,2,0,447,449
1162,,2,3,116,121
1163,,2,0,116,118
1164,,3,3,78,84
1165,,3,0,78,81
1166,,2,3,290,295
1167,,2,0,290,292
1168,,1,1,121,123
1169,,1,0,121,122
1170,,8,11,1217,1236
1171,,8,0,1217,1225
1172,,1,1,7,9
1173,,1,0,7,8
1174,,0,1,2,3
1175,,0,0,2,2
1176,,5,5,543,553
1177,,5,0,543,548
1178,,1,3,640,644
1179,,1,0,640,641
1180,,3,3,209,215
1181,,3,0,209,212
1182,,2,3,22,27
1183,,2,0,22,24
1184,,0,1,497,498
1185,,0,0,497,497
1186,,0,1,2,3
1187,,0,0,2,2
1188,,5,7,1052,1064
1189,,5,0,1052,1057
1190,,5,7,872,884
1191,,5,0,872,877
1192,,1,1,29,31
1193,,1,0,29,30
1194,,2,3,22,27
1195,,2,0,22,24
1196,,3,3,340,346
1197,,3,0,340,343
1198,,0,1,2,3
1199,,0,0,2,2
1200,,4,5,543,552
1201,,4,0,543,547
1202,,0,0,0,0
1203,,0,0,0,0
1204,,2,3,408,413
1205,,2,0,408,410
1206,,4,4,211,219
1207,,4,0,211,215
1208,,1,1,29,31
1209,,1,0,29,30
1210,,4,4,345,353
1211,,4,0,345,349
1212,,3,3,78,84
1213,,3,0,78,81
1214,,0,0,0,0
1215,,0,0,0,0
1216,,1,1,172,174
1217,,1,0,172,173
1218,,5,6,752,763
1219,,5,0,752,757
1220,,3,3,209,215
1221,,3,0,209,212
1222,,1,2,405,408
1223,,1,0,405,406
1224,,5,5,484,494
1225,,5,0,484,489
1226,,0,0,0,0
1227,,0,0,0,0
1228,,1,1,7,9
1229,,1,0,7,8
1230,,5,6,619,630
1231,,5,0,619,624
1232,,3,3,199,205
1233,,3,0,199,202
1234,,0,0,0,0
1235,,0,0,0,0
1236,,3,3,78,84
1237,,3,0,78,81
1238,,0,0,0,0
1239,,0,0,0,0
1240,,2,3,506,511
1241,,2,0,506,508
1242,,5,6,817,828
1243,,5,0,817,822
1244,,1,1,7,9
1245,,1,0,7,8
1246,,2,2,114,118
1247,,2,0,114,116
1248,,2,3,580,585
1249,,2,0,580,582
1250,,2,3,358,363
1251,,2,0,358,360
1252,,1,1,7,9
1253,,1,0,7,8
1254,,5,6,1009,1020
1255,,5,0,1009,1014
1256,,1,1,29,31
1257,,1,0,29,30
1258,,1,2,699,702
1259,,1,0,699,700
1260,,9,11,1631,1651
1261,,9,0,1631,1640
1262,,0,0,0,0
1263,,0,0,0,0
1264,,1,1,121,123
1265,,1,0,121,122
1266,,2,2,20,24
1267,,2,0,20,22
1268,,1,1,7,9
1269,,1,0,7,8
1270,,2,2,57,61
1271,,2,0,57,59
1272,,3,3,310,316
1273,,3,0,310,313
1274,,3,4,519,526
1275,,3,0,519,522
1276,,2,3,470,475
1277,,2,0,470,472
1278,,4,4,211,219
1279,,4,0,211,215
1280,,1,1,11,13
1281,,1,0,11,12
1282,,0,0,0,0
1283,,0,0,0,0
1284,,3,3,78,84
1285,,3,0,78,81
1286,,0,0,0,0
1287,,0,0,0,0
1288,,3,3,305,311
1289,,3,0,305,308
1290,,5,6,619,630
1291,,5,0,619,624
1292,,3,3,316,322
1293,,3,0,316,319
1294,,0,0,0,0
1295,,0,0,0,0
1296,,3,4,514,521
1297,,3,0,514,517
1298,,2,2,288,292
1299,,2,0,288,290
1300,,4,5,589,598
1301,,4,0,589,593
1302,,5,6,811,822
1303,,5,0,811,816
1304,,1,1,29,31
1305,,1,0,29,30
1306,,0,0,0,0
1307,,0,0,0,0
1308,,3,3,78,84
1309,,3,0,78,81
1310,,2,2,57,61
1311,,2,0,57,59
1312,,0,1,497,498
1313,,0,0,497,497
1314,,4,4,211,219
1315,,4,0,211,215
1316,,2,3,408,413
1317,,2,0,408,410
1318,,0,0,0,0
1319,,0,0,0,0
1320,,6,7,1012,1025
1321,,6,0,1012,1018
1322,,0,0,0,0
1323,,0,0,0,0
1324,,1,1,7,9
1325,,1,0,7,8
1326,,4,6,1124,1134
1327,,4,0,1124,1128
1328,,1,1,121,123
1329,,1,0,121,122
1330,,5,6,939,950
1331,,5,0,939,944
1332,,4,5,746,755
1333,,4,0,746,750
1334,,1,2,661,664
1335,,1,0,661,662
1336,,1,1,29,31
1337,,1,0,29,30
1338,,2,2,20,24
1339,,2,0,20,22
1340,,3,3,209,215
1341,,3,0,209,212
1342,,2,2,288,292
1343,,2,0,288,290
1344,,3,3,237,243
1345,,3,0,237,240
1346,,0,0,0,0
1347,,0,0,0,0
1348,,1,1,7,9
1349,,1,0,7,8
1350,,7,10,1463,1480
1351,,7,0,1463,1470
1352,,2,2,108,112
1353,,2,0,108,110
1354,,0,0,0,0
1355,,0,0,0,0
1356,,3,3,78,84
1357,,3,0,78,81
1358,,2,2,114,118
1359,,2,0,114,116
1360,,3,3,269,275
1361,,3,0,269,272
1362,,2,2,20,24
1363,,2,0,20,22
1364,,2,3,529,534
1365,,2,0,529,531
1366,,0,0,0,0
1367,,0,0,0,0
1368,,5,5,519,529
1369,,5,0,519,524
1370,,2,2,57,61
1371,,2,0,57,59
1372,,2,3,408,413
1373,,2,0,408,410
1374,,2,2,20,24
1375,,2,0,20,22
1376,,0,1,497,498
1377,,0,0,497,497
1378,,1,2,405,408
1379,,1,0,405,406
1380,,7,7,640,654
1381,,7,0,640,647
1382,,0,0,0,0
1383,,0,0,0,0
1384,,1,1,29,31
1385,,1,0,29,30
1386,,9,10,1353,1372
1387,,9,0,1353,1362
1388,,1,1,7,9
1389,,1,0,7,8
1390,,2,2,57,61
1391,,2,0,57,59
1392,,2,3,532,537
1393,,2,0,532,534
1394,,1,2,699,702
1395,,1,0,699,700
1396,,1,1,7,9
1397,,1,0,7,8
1398,,2,2,20,24
1399,,2,0,20,22
1400,,3,5,959,967
1401,,3,0,959,962
1402,,0,0,0,0
1403,,0,0,0,0
1404,,5,7,1177,1189
1405,,5,0,1177,1182
1406,,1,2,839,842
1407,,1,0,839,840
1408,,1,1,56,58
1409,,1,0,56,57
1410,,5,6,619,630
1411,,5,0,619,624
1412,,1,1,7,9
1413,,1,0,7,8
1414,,2,2,114,118
1415,,2,0,114,116
1416,,3,3,310,316
1417,,3,0,310,313
1418,,0,0,0,0
1419,,0,0,0,0
1420,,3,3,209,215
1421,,3,0,209,212
1422,,4,4,211,219
1423,,4,0,211,215
1424,,1,1,121,123
1425,,1,0,121,122
1426,,1,2,720,723
1427,,1,0,720,721
1428,,6,7,827,840
1429,,6,0,827,833
1430,,5,6,750,761
1431,,5,0,750,755
1432,,1,1,29,31
1433,,1,0,29,30
1434,,2,2,20,24
1435,,2,0,20,22
1436,,1,1,7,9
1437,,1,0,7,8
1438,,0,0,0,0
1439,,0,0,0,0
1440,,4,5,655,664
1441,,4,0,655,659
1442,,2,2,114,118
1443,,2,0,114,116
1444,,2,2,179,183
1445,,2,0,179,181
1446,,2,2,20,24
1447,,2,0,20,22
1448,,1,1,29,31
1449,,1,0,29,30
1450,,2,4,765,771
1451,,2,0,765,767
1452,,4,5,663,672
1453,,4,0,663,667
1454,,0,0,0,0
1455,,0,0,0,0
1456,,3,3,222,228
1457,,3,0,222,225
1458,,4,5,563,572
1459,,4,0,563,567
1460,,3,3,209,215
1461,,3,0,209,212
1462,,1,2,699,702
1463,,1,0,699,700
1464,,3,3,310,316
1465,,3,0,310,313
1466,,0,0,0,0
1467,,0,0,0,0
1468,,1,1,7,9
1469,,1,0,7,8
1470,,8,10,1540,1558
1471,,8,0,1540,1548
1472,,1,1,254,256
1473,,1,0,254,255
1474,,2,2,288,292
1475,,2,0,288,290
1476,,4,5,746,755
1477,,4,0,746,750
1478,,0,0,0,0
1479,,0,0,0,0
1480,,2,3,707,712
1481,,2,0,707,709
1482,,4,6,1301,1311
1483,,4,0,1301,1305
1484,,2,3,408,413
1485,,2,0,408,410
1486,,0,0,0,0
1487,,0,0,0,0
1488,,2,3,591,596
1489,,2,0,591,593
1490,,2,2,57,61
1491,,2,0,57,59
1492,,1,1,7,9
1493,,1,0,7,8
1494,,4,4,211,219
1495,,4,0,211,215
1496,,3,3,222,228
1497,,3,0,222,225
1498,,2,2,114,118
1499,,2,0,114,116
1500,,6,7,687,700
1501,,6,0,687,693
1502,,0,0,0,0
1503,,0,0,0,0
1504,,0,1,497,498
1505,,0,0,497,497
1506,,2,2,20,24
1507,,2,0,20,22
1508,,2,3,493,498
1509,,2,0,493,495
1510,,2,2,57,61
1511,,2,0,57,59
1512,,6,7,932,945
1513,,6,0,932,938
1514,,0,0,0,0
1515,,0,0,0,0
1516,,1,1,7,9
1517,,1,0,7,8
1518,,5,6,1091,1102
1519,,5,0,1091,1096
1520,,3,3,304,310
1521,,3,0,304,307
1522,,0,0,0,0
1523,,0,0,0,0
1524,,3,3,78,84
1525,,3,0,78,81
1526,,2,2,114,118
1527,,2,0,114,116
1528,,1,1,29,31
1529,,1,0,29,30
1530,,8,10,1509,1527
1531,,8,0,1509,1517
1532,,1,1,7,9
1533,,1,0,7,8
1534,,1,2,405,408
1535,,1,0,405,406
1536,,1,1,4,6
1537,,1,0,4,5
1538,,0,0,0,0
1539,,0,0,0,0
1540,,5,7,1262,1274
1541,,5,0,1262,1267
1542,,2,2,20,24
1543,,2,0,20,22
1544,,1,1,29,31
1545,,1,0,29,30
1546,,0,0,0,0
1547,,0,0,0,0
1548,,4,5,746,755
1549,,4,0,746,750
1550,,2,4,824,830
1551,,2,0,824,826
1552,,1,1,121,123
1553,,1,0,121,122
1554,,5,6,1012,1023
1555,,5,0,1012,1017
1556,,1,1,7,9
1557,,1,0,7,8
1558,,1,2,876,879
1559,,1,0,876,877
1560,,6,7,1248,1261
1561,,6,0,1248,1254
1562,,2,2,288,292
1563,,2,0,288,290
1564,,3,3,398,404
1565,,3,0,398,401
1566,,4,6,970,980
1567,,4,0,970,974
1568,,1,2,519,522
1569,,1,0,519,520
1570,,2,2,57,61
1571,,2,0,57,59
1572,,3,3,78,84
1573,,3,0,78,81
1574,,0,0,0,0
1575,,0,0,0,0
1576,,1,1,29,31
1577,,1,0,29,30
1578,,2,2,20,24
1579,,2,0,20,22
1580,,3,3,209,215
1581,,3,0,209,212
1582,,2,2,114,118
1583,,2,0,114,116
1584,,4,5,747,756
1585,,4,0,747,751
1586,,1,2,405,408
1587,,1,0,405,406
1588,,1,1,7,9
1589,,1,0,7,8
1590,,5,6,619,630
1591,,5,0,619,624
1592,,1,1,29,31
1593,,1,0,29,30
1594,,0,0,0,0
1595,,0,0,0,0
1596,,6,7,862,875
1597,,6,0,862,868
1598,,1,2,699,702
1599,,1,0,699,700
1600,,1,2,312,315
1601,,1,0,312,313
1602,,4,4,211,219
1603,,4,0,211,215
1604,,1,1,7,9
1605,,1,0,7,8
1606,,2,2,288,292
1607,,2,0,288,290
1608,,3,3,310,316
1609,,3,0,310,313
1610,,5,6,1021,1032
1611,,5,0,1021,1026
1612,,2,3,552,557
1613,,2,0,552,554
1614,,2,2,20,24
1615,,2,0,20,22
1616,,1,1,121,123
1617,,1,0,121,122
1618,,0,0,0,0
1619,,0,0,0,0
1620,,7,9,1406,1422
1621,,7,0,1406,1413
1622,,0,0,0,0
1623,,0,0,0,0
1624,,2,3,458,463
1625,,2,0,458,460
1626,,2,2,20,24
1627,,2,0,20,22
1628,,2,3,730,735
1629,,2,0,730,732
1630,,2,2,57,61
1631,,2,0,57,59
1632,,2,3,638,643
1633,,2,0,638,640
1634,,1,2,876,879
1635,,1,0,876,877
1636,,1,1,7,9
1637,,1,0,7,8
1638,,8,10,1683,1701
1639,,8,0,1683,1691
1640,,2,3,821,826
1641,,2,0,821,823
1642,,0,0,0,0
1643,,0,0,0,0
1644,,3,3,78,84
1645,,3,0,78,81
1646,,0,0,0,0
1647,,0,0,0,0
1648,,1,1,121,123
1649,,1,0,121,122
1650,,7,10,1737,1754
1651,,7,0,1737,1744
1652,,2,3,408,413
1653,,2,0,408,410
1654,,0,0,0,0
1655,,0,0,0,0
1656,,5,5,601,611
1657,,5,0,601,606
1658,,0,0,0,0
1659,,0,0,0,0
1660,,3,3,209,215
1661,,3,0,209,212
1662,,2,2,20,24
1663,,2,0,20,22
1664,,1,1,79,81
1665,,1,0,79,80
1666,,3,4,813,820
1667,,3,0,813,816
1668,,3,3,78,84
1669,,3,0,78,81
1670,,2,2,57,61
1671,,2,0,57,59
1672,,3,3,257,263
1673,,3,0,257,260
1674,,4,6,1029,1039
1675,,4,0,1029,1033
1676,,1,1,7,9
1677,,1,0,7,8
1678,,0,0,0,0
1679,,0,0,0,0
1680,,6,7,1071,1084
1681,,6,0,1071,1077
1682,,0,1,407,408
1683,,0,0,407,407
1684,,1,1,7,9
1685,,1,0,7,8
1686,,2,2,20,24
1687,,2,0,20,22
1688,,1,1,29,31
1689,,1,0,29,30
1690,,3,4,462,469
1691,,3,0,462,465
1692,,4,5,746,755
1693,,4,0,746,750
1694,,4,4,402,410
1695,,4,0,402,406
1696,,0,1,497,498
1697,,0,0,497,497
1698,,2,2,20,24
1699,,2,0,20,22
1700,,4,5,647,656
1701,,4,0,647,651
1702,,1,2,921,924
1703,,1,0,921,922
1704,,3,3,310,316
1705,,3,0,310,313
1706,,0,0,0,0
1707,,0,0,0,0
1708,,2,3,408,413
1709,,2,0,408,410
1710,,8,10,1686,1704
1711,,8,0,1686,1694
1712,,1,1,121,123
1713,,1,0,121,122
1714,,0,0,0,0
1715,,0,0,0,0
1716,,5,7,1484,1496
1717,,5,0,1484,1489
1718,,0,0,0,0
1719,,0,0,0,0
1720,,2,3,821,826
1721,,2,0,821,823
1722,,5,6,1166,1177
1723,,5,0,1166,1171
1724,,1,1,7,9
1725,,1,0,7,8
1726,,0,0,0,0
1727,,0,0,0,0
1728,,2,3,393,398
1729,,2,0,393,395
1730,,2,2,57,61
1731,,2,0,57,59
1732,,1,1,7,9
1733,,1,0,7,8
1734,,3,4,719,726
1735,,3,0,719,722
1736,,2,3,517,522
1737,,2,0,517,519
1738,,2,2,288,292
1739,,2,0,288,290
1740,,6,7,793,806
1741,,6,0,793,799
1742,,1,2,405,408
1743,,1,0,405,406
1744,,1,1,121,123
1745,,1,0,121,122
1746,,4,4,211,219
1747,,4,0,211,215
1748,,3,3,433,439
1749,,3,0,433,436
1750,,4,6,1068,1078
1751,,4,0,1068,1072
1752,,3,3,310,316
1753,,3,0,310,313
1754,,0,0,0,0
1755,,0,0,0,0
1756,,1,1,7,9
1757,,1,0,7,8
1758,,2,2,20,24
1759,,2,0,20,22
1760,,2,3,564,569
1761,,2,0,564,566
1762,,0,0,0,0
1763,,0,0,0,0
1764,,6,8,1358,1372
1765,,6,0,1358,1364
1766,,0,0,0,0
1767,,0,0,0,0
1768,,3,3,245,251
1769,,3,0,245,248
1770,,5,6,619,630
1771,,5,0,619,624
1772,,1,1,7,9
1773,,1,0,7,8
1774,,0,0,0,0
1775,,0,0,0,0
1776,,2,3,792,797
1777,,2,0,792,794
1778,,2,2,114,118
1779,,2,0,114,116
1780,,3,3,209,215
1781,,3,0,209,212
1782,,6,8,1380,1394
1783,,6,0,1380,1386
1784,,1,1,29,31
1785,,1,0,29,30
1786,,1,2,876,879
1787,,1,0,876,877
1788,,3,3,78,84
1789,,3,0,78,81
1790,,2,2,57,61
1791,,2,0,57,59
1792,,1,1,22,24
1793,,1,0,22,23
1794,,4,6,1421,1431
1795,,4,0,1421,1425
1796,,1,1,7,9
1797,,1,0,7,8
1798,,0,2,873,875
1799,,0,0,873,873
1800,,6,7,1542,1555
1801,,6,0,1542,1548
1802,,1,2,699,702
1803,,1,0,699,700
1804,,2,3,884,889
1805,,2,0,884,886
1806,,5,5,1203,1213
1807,,5,0,1203,1208
1808,,1,1,121,123
1809,,1,0,121,122
1810,,2,2,57,61
1811,,2,0,57,59
1812,,3,2,74,79
1813,,3,0,74,77
1814,,0,0,0,0
1815,,0,0,0,0
1816,,1,1,29,31
1817,,1,0,29,30
1818,,4,3,207,214
1819,,4,0,207,211
1820,,5,7,1285,1297
1821,,5,0,1285,1290
1822,,0,0,0,0
1823,,0,0,0,0
1824,,2,2,669,673
1825,,2,0,669,671
1826,,2,2,288,292
1827,,2,0,288,290
1828,,1,1,7,9
1829,,1,0,7,8
1830,,5,5,615,625
1831,,5,0,615,620
1832,,1,1,29,31
1833,,1,0,29,30
1834,,2,2,114,118
1835,,2,0,114,116
1836,,5,6,1231,1242
1837,,5,0,1231,1236
1838,,0,0,0,0
1839,,0,0,0,0
1840,,3,3,386,392
1841,,3,0,386,389
1842,,2,1,16,19
1843,,2,0,16,18
1844,,1,1,7,9
1845,,1,0,7,8
1846,,1,2,405,408
1847,,1,0,405,406
1848,,6,6,1124,1136
1849,,6,0,1124,1130
1850,,2,4,1025,1031
1851,,2,0,1025,1027
1852,,1,1,7,9
1853,,1,0,7,8
1854,,4,3,207,214
1855,,4,0,207,211
1856,,0,1,407,408
1857,,0,0,407,407
1858,,0,0,0,0
1859,,0,0,0,0
1860,,6,6,848,860
1861,,6,0,848,854
1862,,3,4,990,997
1863,,3,0,990,993
1864,,1,1,29,31
1865,,1,0,29,30
1866,,2,1,16,19
1867,,2,0,16,18
1868,,1,1,7,9
1869,,1,0,7,8
1870,,5,6,1044,1055
1871,,5,0,1044,1049
1872,,4,4,979,987
1873,,4,0,979,983
1874,,0,0,0,0
1875,,0,0,0,0
1876,,2,3,408,413
1877,,2,0,408,410
1878,,2,1,16,19
1879,,2,0,16,18
1880,,2,3,821,826
1881,,2,0,821,823
1882,,0,0,0,0
1883,,0,0,0,0
1884,,3,2,74,79
1885,,3,0,74,77
1886,,1,2,1075,1078
1887,,1,0,1075,1076
1888,,0,1,497,498
1889,,0,0,497,497
1890,,10,13,2941,2964
1891,,10,0,2941,2951
1892,,2,3,967,972
1893,,2,0,967,969
1894,,0,0,0,0
1895,,0,0,0,0
1896,,3,2,306,311
1897,,3,0,306,309
1898,,1,2,405,408
1899,,1,0,405,406
1900,,4,5,682,691
1901,,4,0,682,686
1902,,2,1,16,19
1903,,2,0,16,18
1904,,3,3,280,286
1905,,3,0,280,283
1906,,0,0,0,0
1907,,0,0,0,0
1908,,4,4,742,750
1909,,4,0,742,746
1910,,2,2,57,61
1911,,2,0,57,59
1912,,1,1,29,31
1913,,1,0,29,30
1914,,4,5,1240,1249
1915,,4,0,1240,1244
1916,,1,1,7,9
1917,,1,0,7,8
1918,,2,2,114,118
1919,,2,0,114,116
1920,,3,2,117,122
1921,,3,0,117,120
1922,,0,1,466,467
1923,,0,0,466,466
1924,,2,3,753,758
1925,,2,0,753,755
1926,,4,3,207,214
1927,,4,0,207,211
1928,,1,1,29,31
1929,,1,0,29,30
1930,,2,2,57,61
1931,,2,0,57,59
1932,,6,6,940,952
1933,,6,0,940,946
1934,,0,0,0,0
1935,,0,0,0,0
1936,,2,2,177,181
1937,,2,0,177,179
1938,,4,5,1591,1600
1939,,4,0,1591,1595
1940,,3,3,209,215
1941,,3,0,209,212
1942,,0,0,0,0
1943,,0,0,0,0
1944,,4,4,695,703
1945,,4,0,695,699
1946,,2,2,114,118
1947,,2,0,114,116
1948,,1,1,7,9
1949,,1,0,7,8
1950,,6,9,2063,2078
1951,,6,0,2063,2069
1952,,0,1,497,498
1953,,0,0,497,497
1954,,0,0,0,0
1955,,0,0,0,0
1956,,3,2,74,79
1957,,3,0,74,77
1958,,2,2,288,292
1959,,2,0,288,290
1960,,3,5,1439,1447
1961,,3,0,1439,1442
1962,,4,3,207,214
1963,,4,0,207,211
1964,,1,1,7,9
1965,,1,0,7,8
1966,,0,0,0,0
1967,,0,0,0,0
1968,,2,2,942,946
1969,,2,0,942,944
1970,,2,2,57,61
1971,,2,0,57,59
1972,,2,3,551,556
1973,,2,0,551,553
1974,,5,5,1203,1213
1975,,5,0,1203,1208
1976,,3,3,280,286
1977,,3,0,280,283
1978,,1,2,1158,1161
1979,,1,0,1158,1159
1980,,8,10,2582,2600
1981,,8,0,2582,2590
1982,,0,0,0,0
1983,,0,0,0,0
1984,,0,1,466,467
1985,,0,0,466,466
1986,,2,1,16,19
1987,,2,0,16,18
1988,,2,3,408,413
1989,,2,0,408,410
1990,,2,2,57,61
1991,,2,0,57,59
1992,,3,2,306,311
1993,,3,0,306,309
1994,,0,0,0,0
1995,,0,0,0,0
1996,,1,1,7,9
1997,,1,0,7,8
1998,,4,5,1226,1235
1999,,4,0,1226,1230
2000,,2,3,433,438
2001,,2,0,433,435
2002,,5,6,807,818
2003,,5,0,807,812
2004,,3,2,74,79
2005,,3,0,74,77
2006,,1,2,699,702
2007,,1,0,699,700
2008,,1,1,29,31
2009,,1,0,29,30
2010,,5,5,615,625
2011,,5,0,615,620
2012,,1,1,7,9
2013,,1,0,7,8
2014,,1,2,876,879
2015,,1,0,876,877
2016,,4,4,767,775
2017,,4,0,767,771
2018,,0,0,0,0
2019,,0,0,0,0
2020,,3,3,209,215
2021,,3,0,209,212
2022,,2,1,16,19
2023,,2,0,16,18
2024,,3,3,339,345
2025,,3,0,339,342
2026,,0,0,0,0
2027,,0,0,0,0
2028,,4,4,895,903
2029,,4,0,895,899
2030,,4,6,1174,1184
2031,,4,0,1174,1178
2032,,1,1,121,123
2033,,1,0,121,122
2034,,4,3,207,214
2035,,4,0,207,211
2036,,1,1,7,9
2037,,1,0,7,8
2038,,0,0,0,0
2039,,0,0,0,0
2040,,6,6,1341,1353
2041,,6,0,1341,1347
2042,,0,0,0,0
2043,,0,0,0,0
2044,,2,3,408,413
2045,,2,0,408,410
2046,,4,5,1299,1308
2047,,4,0,1299,1303
2048,,0,0,0,0
2049,,0,0,0,0
2050,,2,4,1179,1185
2051,,2,0,1179,1181
2052,,5,6,1266,1277
2053,,5,0,1266,1271
2054,,1,2,405,408
2055,,1,0,405,406
2056,,1,1,29,31
2057,,1,0,29,30
2058,,5,5,1203,1213
2059,,5,0,1203,1208
2060,,3,3,209,215
2061,,3,0,209,212
2062,,0,0,0,0
2063,,0,0,0,0
2064,,2,2,1025,1029
2065,,2,0,1025,1027
2066,,0,0,0,0
2067,,0,0,0,0
2068,,2,3,1010,1015
2069,,2,0,1010,1012
2070,,8,9,2051,2068
2071,,8,0,2051,2059
2072,,2,3,718,723
2073,,2,0,718,720
2074,,1,2,699,702
2075,,1,0,699,700
2076,,3,2,74,79
2077,,3,0,74,77
2078,,0,0,0,0
2079,,0,0,0,0
2080,,2,3,587,592
2081,,2,0,587,589
2082,,2,1,16,19
2083,,2,0,16,18
2084,,1,1,7,9
2085,,1,0,7,8
2086,,2,2,114,118
2087,,2,0,114,116
2088,,4,4,750,758
2089,,4,0,750,754
2090,,5,6,1221,1232
2091,,5,0,1221,1226
2092,,1,1,7,9
2093,,1,0,7,8
2094,,2,1,16,19
2095,,2,0,16,18
2096,,1,1,121,123
2097,,1,0,121,122
2098,,0,0,0,0
2099,,0,0,0,0
2100,,8,10,1891,1909
2101,,8,0,1891,1899
2102,,0,0,0,0
2103,,0,0,0,0
2104,,1,1,29,31
2105,,1,0,29,30
2106,,5,7,1706,1718
2107,,5,0,1706,1711
2108,,2,3,610,615
2109,,2,0,610,612
2110,,2,2,57,61
2111,,2,0,57,59
2112,,2,2,585,589
2113,,2,0,585,587
2114,,2,2,114,118
2115,,2,0,114,116
2116,,2,2,261,265
2117,,2,0,261,263
2118,,2,1,16,19
2119,,2,0,16,18
2120,,2,3,821,826
2121,,2,0,821,823
2122,,0,0,0,0
2123,,0,0,0,0
2124,,4,4,742,750
2125,,4,0,742,746
2126,,0,0,0,0
2127,,0,0,0,0
2128,,3,3,315,321
2129,,3,0,315,318
2130,,5,5,615,625
2131,,5,0,615,620
2132,,2,3,907,912
2133,,2,0,907,909
2134,,2,2,288,292
2135,,2,0,288,290
2136,,3,2,306,311
2137,,3,0,306,309
2138,,0,0,0,0
2139,,0,0,0,0
2140,,3,3,209,215
2141,,3,0,209,212
2142,,8,9,2093,2110
2143,,8,0,2093,2101
2144,,0,1,497,498
2145,,0,0,497,497
2146,,0,2,1074,1076
2147,,0,0,1074,1074
2148,,3,2,74,79
2149,,3,0,74,77
2150,,2,4,1262,1268
2151,,2,0,1262,1264
2152,,1,1,29,31
2153,,1,0,29,30
2154,,2,1,16,19
2155,,2,0,16,18
2156,,3,5,1411,1419
2157,,3,0,1411,1414
2158,,1,2,405,408
2159,,1,0,405,406
2160,,5,6,1618,1629
2161,,5,0,1618,1623
2162,,1,2,1290,1293
2163,,1,0,1290,1291
2164,,1,1,7,9
2165,,1,0,7,8
2166,,3,3,892,898
2167,,3,0,892,895
2168,,1,1,29,31
2169,,1,0,29,30
2170,,4,6,1233,1243
2171,,4,0,1233,1237
2172,,3,2,74,79
2173,,3,0,74,77
2174,,0,0,0,0
2175,,0,0,0,0
2176,,1,1,137,139
2177,,1,0,137,138
2178,,6,6,1024,1036
2179,,6,0,1024,1030
2180,,3,3,209,215
2181,,3,0,209,212
2182,,0,0,0,0
2183,,0,0,0,0
2184,,6,6,1360,1372
2185,,6,0,1360,1366
2186,,0,0,0,0
2187,,0,0,0,0
2188,,1,1,7,9
2189,,1,0,7,8
2190,,5,5,615,625
2191,,5,0,615,620
2192,,1,1,121,123
2193,,1,0,121,122
2194,,0,0,0,0
2195,,0,0,0,0
2196,,4,4,742,750
2197,,4,0,742,746
2198,,2,2,114,118
2199,,2,0,114,116
2200,,3,5,1178,1186
2201,,3,0,1178,1181
2202,,2,1,16,19
2203,,2,0,16,18
2204,,2,3,586,591
2205,,2,0,586,588
2206,,0,0,0,0
2207,,0,0,0,0
2208,,2,2,751,755
2209,,2,0,751,753
2210,,4,6,1161,1171
2211,,4,0,1161,1165
2212,,2,3,408,413
2213,,2,0,408,410
2214,,4,5,1380,1389
2215,,4,0,1380,1384
2216,,1,1,29,31
2217,,1,0,29,30
2218,,0,0,0,0
2219,,0,0,0,0
2220,,6,6,1049,1061
2221,,6,0,1049,1055
2222,,2,2,288,292
2223,,2,0,288,290
2224,,1,1,121,123
2225,,1,0,121,122
2226,,5,5,1203,1213
2227,,5,0,1203,1208
2228,,1,1,7,9
2229,,1,0,7,8
2230,,2,2,57,61
2231,,2,0,57,59
2232,,4,4,809,817
2233,,4,0,809,813
2234,,0,0,0,0
2235,,0,0,0,0
2236,,2,3,990,995
2237,,2,0,990,992
2238,,2,1,16,19
2239,,2,0,16,18
2240,,2,3,629,634
2241,,2,0,629,631
2242,,1,2,876,879
2243,,1,0,876,877
2244,,5,6,1743,1754
2245,,5,0,1743,1748
2246,,0,0,0,0
2247,,0,0,0,0
2248,,1,1,29,31
2249,,1,0,29,30
2250,,7,9,2098,2114
2251,,7,0,2098,2105
2252,,1,1,7,9
2253,,1,0,7,8
2254,,3,4,1404,1411
2255,,3,0,1404,1407
2256,,2,2,1203,1207
2257,,2,0,1203,1205
2258,,0,0,0,0
2259,,0,0,0,0
2260,,3,3,209,215
2261,,3,0,209,212
2262,,3,5,1570,1578
2263,,3,0,1570,1573
2264,,1,1,29,31
2265,,1,0,29,30
2266,,2,2,288,292
2267,,2,0,288,290
2268,,6,8,1706,1720
2269,,6,0,1706,1712
2270,,2,2,57,61
2271,,2,0,57,59
2272,,0,1,497,498
2273,,0,0,497,497
2274,,2,1,16,19
2275,,2,0,16,18
2276,,1,1,7,9
2277,,1,0,7,8
2278,,1,2,699,702
2279,,1,0,699,700
2280,,6,6,1376,1388
2281,,6,0,1376,1382
2282,,2,2,114,118
2283,,2,0,114,116
2284,,1,1,7,9
2285,,1,0,7,8
2286,,4,3,207,214
2287,,4,0,207,211
2288,,3,3,256,262
2289,,3,0,256,259
2290,,2,2,57,61
2291,,2,0,57,59
2292,,3,2,74,79
2293,,3,0,74,77
2294,,0,2,1133,1135
2295,,0,0,1133,1133
2296,,2,3,872,877
2297,,2,0,872,874
2298,,2,1,16,19
2299,,2,0,16,18
2300,,4,5,764,773
2301,,4,0,764,768
2302,,0,0,0,0
2303,,0,0,0,0
2304,,2,1,37,40
2305,,2,0,37,39
2306,,0,0,0,0
2307,,0,0,0,0
2308,,1,1,7,9
2309,,1,0,7,8
2310,,10,13,3215,3238
2311,,10,0,3215,3225
2312,,2,2,166,170
2313,,2,0,166,168
2314,,1,2,405,408
2315,,1,0,405,406
2316,,3,2,74,79
2317,,3,0,74,77
2318,,1,2,876,879
2319,,1,0,876,877
2320,,2,3,539,544
2321,,2,0,539,541
2322,,4,5,1463,1472
2323,,4,0,1463,1467
2324,,2,3,408,413
2325,,2,0,408,410
2326,,0,0,0,0
2327,,0,0,0,0
2328,,3,2,306,311
2329,,3,0,306,309
2330,,2,2,57,61
2331,,2,0,57,59
2332,,2,3,1010,1015
2333,,2,0,1010,1012
2334,,2,1,16,19
2335,,2,0,16,18
2336,,0,1,497,498
2337,,0,0,497,497
2338,,2,2,114,118
2339,,2,0,114,116
2340,,8,10,2862,2880
2341,,8,0,2862,2870
2342,,0,0,0,0
2343,,0,0,0,0
2344,,1,1,29,31
2345,,1,0,29,30
2346,,4,5,2005,2014
2347,,4,0,2005,2009
2348,,1,1,7,9
2349,,1,0,7,8
2350,,2,4,1440,1446
2351,,2,0,1440,1442
2352,,4,4,1483,1491
2353,,4,0,1483,1487
2354,,2,2,288,292
2355,,2,0,288,290
2356,,2,3,645,650
2357,,2,0,645,647
2358,,4,3,207,214
2359,,4,0,207,211
2360,,2,3,821,826
2361,,2,0,821,823
2362,,0,0,0,0
2363,,0,0,0,0
2364,,3,2,74,79
2365,,3,0,74,77
2366,,3,4,519,526
2367,,3,0,519,522
2368,,0,1,667,668
2369,,0,0,667,667
2370,,5,5,615,625
2371,,5,0,615,620
2372,,1,1,7,9
2373,,1,0,7,8
2374,,0,0,0,0
2375,,0,0,0,0
2376,,5,6,1280,1291
2377,,5,0,1280,1285
2378,,0,2,1228,1230
2379,,0,0,1228,1228
2380,,5,7,1343,1355
2381,,5,0,1343,1348
2382,,2,1,16,19
2383,,2,0,16,18
2384,,1,1,121,123
2385,,1,0,121,122
2386,,0,0,0,0
2387,,0,0,0,0
2388,,3,2,74,79
2389,,3,0,74,77
2390,,2,2,57,61
2391,,2,0,57,59
2392,,3,3,362,368
2393,,3,0,362,365
2394,,8,9,2270,2287
2395,,8,0,2270,2278
2396,,1,0,0,1
2397,,1,0,0,1
2398,,2,2,288,292
2399,,2,0,288,290
2400,,3,4,915,922
2401,,3,0,915,918
2402,,0,0,0,0
2403,,0,0,0,0
2404,,1,0,0,1
2405,,1,0,0,1
2406,,2,1,16,19
2407,,2,0,16,18
2408,,2,3,955,960
2409,,2,0,955,957
2410,,2,2,57,61
2411,,2,0,57,59
2412,,3,3,735,741
2413,,3,0,735,738
2414,,1,2,699,702
2415,,1,0,699,700
2416,,1,1,121,123
2417,,1,0,121,122
2418,,2,5,1629,1636
2419,,2,0,1629,1631
2420,,4,4,1205,1213
2421,,4,0,1205,1209
2422,,2,2,114,118
2423,,2,0,114,116
2424,,2,2,306,310
2425,,2,0,306,308
2426,,0,0,0,0
2427,,0,0,0,0
2428,,1,0,0,1
2429,,1,0,0,1
2430,,6,9,2149,2164
2431,,6,0,2149,2155
2432,,1,1,172,174
2433,,1,0,172,173
2434,,0,0,0,0
2435,,0,0,0,0
2436,,4,5,1086,1095
2437,,4,0,1086,1090
2438,,1,2,1290,1293
2439,,1,0,1290,1291
2440,,2,3,821,826
2441,,2,0,821,823
2442,,3,5,1500,1508
2443,,3,0,1500,1503
2444,,2,2,1161,1165
2445,,2,0,1161,1163
2446,,0,0,0,0
2447,,0,0,0,0
2448,,3,4,1424,1431
2449,,3,0,1424,1427
2450,,4,7,2245,2256
2451,,4,0,2245,2249
2452,,1,0,0,1
2453,,1,0,0,1
2454,,1,1,16,18
2455,,1,0,16,17
2456,,1,1,29,31
2457,,1,0,29,30
2458,,0,0,0,0
2459,,0,0,0,0
2460,,5,5,1196,1206
2461,,5,0,1196,1201
2462,,0,0,0,0
2463,,0,0,0,0
2464,,2,3,575,580
2465,,2,0,575,577
2466,,3,3,207,213
2467,,3,0,207,210
2468,,1,0,0,1
2469,,1,0,0,1
2470,,4,6,1338,1348
2471,,4,0,1338,1342
2472,,2,2,306,310
2473,,2,0,306,308
2474,,0,0,0,0
2475,,0,0,0,0
2476,,1,0,0,1
2477,,1,0,0,1
2478,,4,5,1203,1212
2479,,4,0,1203,1207
2480,,2,3,598,603
2481,,2,0,598,600
2482,,1,2,699,702
2483,,1,0,699,700
2484,,4,5,1341,1350
2485,,4,0,1341,1345
2486,,2,2,288,292
2487,,2,0,288,290
2488,,1,1,29,31
2489,,1,0,29,30
2490,,4,5,615,624
2491,,4,0,615,619
2492,,2,2,401,405
2493,,2,0,401,403
2494,,0,2,1311,1313
2495,,0,0,1311,1311
2496,,1,2,821,824
2497,,1,0,821,822
2498,,0,0,0,0
2499,,0,0,0,0
2500,,3,3,503,509
2501,,3,0,503,506
2502,,3,3,207,213
2503,,3,0,207,210
2504,,1,1,29,31
2505,,1,0,29,30
2506,,2,2,114,118
2507,,2,0,114,116
2508,,4,5,1771,1780
2509,,4,0,1771,1775
2510,,2,2,57,61
2511,,2,0,57,59
2512,,1,1,121,123
2513,,1,0,121,122
2514,,1,1,16,18
2515,,1,0,16,17
2516,,2,2,804,808
2517,,2,0,804,806
2518,,0,0,0,0
2519,,0,0,0,0
2520,,7,10,3061,3078
2521,,7,0,3061,3068
2522,,1,2,405,408
2523,,1,0,405,406
2524,,1,0,0,1
2525,,1,0,0,1
2526,,1,1,16,18
2527,,1,0,16,17
2528,,0,1,497,498
2529,,0,0,497,497
2530,,5,6,1635,1646
2531,,5,0,1635,1640
2532,,2,1,67,70
2533,,2,0,67,69
2534,,2,2,114,118
2535,,2,0,114,116
2536,,1,1,29,31
2537,,1,0,29,30
2538,,3,5,1641,1649
2539,,3,0,1641,1644
2540,,3,2,202,207
2541,,3,0,202,205
2542,,0,2,1287,1289
2543,,0,0,1287,1287
2544,,1,2,1250,1253
2545,,1,0,1250,1251
2546,,1,2,876,879
2547,,1,0,876,877
2548,,3,4,1657,1664
2549,,3,0,1657,1660
2550,,5,9,2841,2855
2551,,5,0,2841,2846
2552,,2,3,492,497
2553,,2,0,492,494
2554,,0,0,0,0
2555,,0,0,0,0
2556,,3,3,735,741
2557,,3,0,735,738
2558,,0,0,0,0
2559,,0,0,0,0
2560,,1,1,11,13
2561,,1,0,11,12
2562,,4,5,1203,1212
2563,,4,0,1203,1207
2564,,1,0,0,1
2565,,1,0,0,1
2566,,0,0,0,0
2567,,0,0,0,0
2568,,2,2,306,310
2569,,2,0,306,308
2570,,2,2,57,61
2571,,2,0,57,59
2572,,1,0,0,1
2573,,1,0,0,1
2574,,6,9,2171,2186
2575,,6,0,2171,2177
2576,,3,3,397,403
2577,,3,0,397,400
2578,,0,0,0,0
2579,,0,0,0,0
2580,,5,5,1279,1289
2581,,5,0,1279,1284
2582,,0,0,0,0
2583,,0,0,0,0
2584,,3,3,338,344
2585,,3,0,338,341
2586,,1,1,16,18
2587,,1,0,16,17
2588,,1,0,0,1
2589,,1,0,0,1
2590,,4,6,1434,1444
2591,,4,0,1434,1438
2592,,1,3,886,890
2593,,1,0,886,887
2594,,0,0,0,0
2595,,0,0,0,0
2596,,2,2,1003,1007
2597,,2,0,1003,1005
2598,,1,1,16,18
2599,,1,0,16,17
2600,,3,5,1201,1209
2601,,3,0,1201,1204
2602,,0,0,0,0
2603,,0,0,0,0
2604,,4,5,1145,1154
2605,,4,0,1145,1149
2606,,0,0,0,0
2607,,0,0,0,0
2608,,1,1,121,123
2609,,1,0,121,122
2610,,6,9,2204,2219
2611,,6,0,2204,2210
2612,,1,0,0,1
2613,,1,0,0,1
2614,,0,0,0,0
2615,,0,0,0,0
2616,,2,2,306,310
2617,,2,0,306,308
2618,,5,6,1101,1112
2619,,5,0,1101,1106
2620,,3,2,202,207
2621,,3,0,202,205
2622,,3,5,2182,2190
2623,,3,0,2182,2185
2624,,0,1,821,822
2625,,0,0,821,821
2626,,1,2,405,408
2627,,1,0,405,406
2628,,3,3,735,741
2629,,3,0,735,738
2630,,2,2,57,61
2631,,2,0,57,59
2632,,2,3,1133,1138
2633,,2,0,1133,1135
2634,,1,1,16,18
2635,,1,0,16,17
2636,,1,0,0,1
2637,,1,0,0,1
2638,,0,0,0,0
2639,,0,0,0,0
2640,,4,6,1952,1962
2641,,4,0,1952,1956
2642,,0,0,0,0
2643,,0,0,0,0
2644,,1,0,0,1
2645,,1,0,0,1
2646,,6,9,2923,2938
2647,,6,0,2923,2929
2648,,1,1,29,31
2649,,1,0,29,30
2650,,2,4,1584,1590
2651,,2,0,1584,1586
2652,,4,5,2301,2310
2653,,4,0,2301,2305
2654,,0,0,0,0
2655,,0,0,0,0
2656,,0,1,497,498
2657,,0,0,497,497
2658,,1,1,16,18
2659,,1,0,16,17
2660,,5,6,1371,1382
2661,,5,0,1371,1376
2662,,2,2,288,292
2663,,2,0,288,290
2664,,3,4,1010,1017
2665,,3,0,1010,1013
2666,,0,2,1370,1372
2667,,0,0,1370,1370
2668,,2,2,661,665
2669,,2,0,661,663
2670,,4,5,615,624
2671,,4,0,615,619
2672,,1,1,121,123
2673,,1,0,121,122
2674,,2,2,114,118
2675,,2,0,114,116
2676,,2,1,67,70
2677,,2,0,67,69
2678,,1,2,405,408
2679,,1,0,405,406
2680,,2,3,821,826
2681,,2,0,821,823
2682,,3,3,207,213
2683,,3,0,207,210
2684,,2,2,1003,1007
2685,,2,0,1003,1005
2686,,1,2,699,702
2687,,1,0,699,700
2688,,2,2,233,237
2689,,2,0,233,235
2690,,2,2,57,61
2691,,2,0,57,59
2692,,1,0,0,1
2693,,1,0,0,1
2694,,1,1,16,18
2695,,1,0,16,17
2696,,1,1,29,31
2697,,1,0,29,30
2698,,1,2,876,879
2699,,1,0,876,877
2700,,6,9,2687,2702
2701,,6,0,2687,2693
2702,,2,2,114,118
2703,,2,0,114,116
2704,,2,2,200,204
2705,,2,0,200,202
2706,,3,5,1654,1662
2707,,3,0,1654,1657
2708,,1,0,0,1
2709,,1,0,0,1
2710,,2,2,57,61
2711,,2,0,57,59
2712,,2,2,306,310
2713,,2,0,306,308
2714,,1,2,1290,1293
2715,,1,0,1290,1291
2716,,2,2,401,405
2717,,2,0,401,403
2718,,3,3,207,213
2719,,3,0,207,210
2720,,2,3,645,650
2721,,2,0,645,647
2722,,0,0,0,0
2723,,0,0,0,0
2724,,2,1,67,70
2725,,2,0,67,69
2726,,0,2,1489,1491
2727,,0,0,1489,1489
2728,,2,3,551,556
2729,,2,0,551,553
2730,,8,13,3545,3566
2731,,8,0,3545,3553
2732,,1,0,0,1
2733,,1,0,0,1
2734,,0,0,0,0
2735,,0,0,0,0
2736,,3,4,1459,1466
2737,,3,0,1459,1462
2738,,0,1,667,668
2739,,0,0,667,667
2740,,3,2,202,207
2741,,3,0,202,205
2742,,1,1,16,18
2743,,1,0,16,17
2744,,2,3,1228,1233
2745,,2,0,1228,1230
2746,,0,0,0,0
2747,,0,0,0,0
2748,,2,1,67,70
2749,,2,0,67,69
2750,,4,6,1872,1882
2751,,4,0,1872,1876
2752,,0,1,904,905
2753,,0,0,904,904
2754,,4,7,2534,2545
2755,,4,0,2534,2538
2756,,2,2,1406,1410
2757,,2,0,1406,1408
2758,,2,2,114,118
2759,,2,0,114,116
2760,,5,6,1458,1469
2761,,5,0,1458,1463
2762,,0,0,0,0
2763,,0,0,0,0
2764,,1,0,0,1
2765,,1,0,0,1
2766,,1,1,16,18
2767,,1,0,16,17
2768,,1,1,121,123
2769,,1,0,121,122
2770,,2,2,57,61
2771,,2,0,57,59
2772,,6,9,2879,2894
2773,,6,0,2879,2885
2774,,1,2,876,879
2775,,1,0,876,877
2776,,1,1,29,31
2777,,1,0,29,30
2778,,1,1,16,18
2779,,1,0,16,17
2780,,3,2,202,207
2781,,3,0,202,205
2782,,1,2,405,408
2783,,1,0,405,406
2784,,0,2,904,906
2785,,0,0,904,904
2786,,2,2,114,118
2787,,2,0,114,116
2788,,2,2,958,962
2789,,2,0,958,960
2790,,6,9,2263,2278
2791,,6,0,2263,2269
2792,,1,1,29,31
2793,,1,0,29,30
2794,,2,2,288,292
2795,,2,0,288,290
2796,,2,1,67,70
2797,,2,0,67,69
2798,,0,0,0,0
2799,,0,0,0,0
2800,,3,5,1051,1059
2801,,3,0,1051,1054
2802,,1,1,16,18
2803,,1,0,16,17
2804,,1,0,0,1
2805,,1,0,0,1
2806,,1,2,1290,1293
2807,,1,0,1290,1291
2808,,4,6,1516,1526
2809,,4,0,1516,1520
2810,,2,2,57,61
2811,,2,0,57,59
2812,,2,2,839,843
2813,,2,0,839,841
2814,,4,5,1203,1212
2815,,4,0,1203,1207
2816,,1,1,56,58
2817,,1,0,56,57
2818,,0,0,0,0
2819,,0,0,0,0
2820,,5,5,1457,1467
2821,,5,0,1457,1462
2822,,1,2,699,702
2823,,1,0,699,700
2824,,1,1,29,31
2825,,1,0,29,30
2826,,3,3,207,213
2827,,3,0,207,210
2828,,2,2,401,405
2829,,2,0,401,403
2830,,2,2,57,61
2831,,2,0,57,59
2832,,1,2,1250,1253
2833,,1,0,1250,1251
2834,,1,2,405,408
2835,,1,0,405,406
2836,,1,0,0,1
2837,,1,0,0,1
2838,,3,5,1737,1745
2839,,3,0,1737,1740
2840,,2,3,821,826
2841,,2,0,821,823
2842,,2,4,1698,1704
2843,,2,0,1698,1700
2844,,3,3,735,741
2845,,3,0,735,738
2846,,0,0,0,0
2847,,0,0,0,0
2848,,0,1,497,498
2849,,0,0,497,497
2850,,5,9,3018,3032
2851,,5,0,3018,3023
2852,,2,2,720,724
2853,,2,0,720,722
2854,,0,0,0,0
2855,,0,0,0,0
2856,,5,6,1952,1963
2857,,5,0,1952,1957
2858,,0,0,0,0
2859,,0,0,0,0
2860,,5,6,2611,2622
2861,,5,0,2611,2616
2862,,3,5,1938,1946
2863,,3,0,1938,1941
2864,,1,1,121,123
2865,,1,0,121,122
2866,,0,0,0,0
2867,,0,0,0,0
2868,,2,1,67,70
2869,,2,0,67,69
2870,,4,6,1588,1598
2871,,4,0,1588,1592
2872,,1,1,29,31
2873,,1,0,29,30
2874,,1,1,16,18
2875,,1,0,16,17
2876,,1,0,0,1
2877,,1,0,0,1
2878,,0,0,0,0
2879,,0,0,0,0
2880,,3,4,1145,1152
2881,,3,0,1145,1148
2882,,2,2,288,292
2883,,2,0,288,290
2884,,2,2,401,405
2885,,2,0,401,403
2886,,2,5,1830,1837
2887,,2,0,1830,1832
2888,,2,2,201,205
2889,,2,0,201,203
2890,,3,4,756,763
2891,,3,0,756,759
2892,,2,1,67,70
2893,,2,0,67,69
2894,,0,0,0,0
2895,,0,0,0,0
2896,,1,1,121,123
2897,,1,0,121,122
2898,,7,9,2684,2700
2899,,7,0,2684,2691
2900,,3,4,910,917
2901,,3,0,910,913
2902,,0,0,0,0
2903,,0,0,0,0
2904,,3,4,891,898
2905,,3,0,891,894
2906,,0,0,0,0
2907,,0,0,0,0
2908,,1,0,0,1
2909,,1,0,0,1
2910,,4,5,615,624
2911,,4,0,615,619
2912,,2,3,598,603
2913,,2,0,598,600
2914,,0,2,1548,1550
2915,,0,0,1548,1548
2916,,3,4,1087,1094
2917,,3,0,1087,1090
2918,,0,0,0,0
2919,,0,0,0,0
2920,,2,3,821,826
2921,,2,0,821,823
2922,,1,1,16,18
2923,,1,0,16,17
2924,,2,2,1041,1045
2925,,2,0,1041,1043
2926,,5,6,1278,1289
2927,,5,0,1278,1283
2928,,1,2,1250,1253
2929,,1,0,1250,1251
2930,,2,2,57,61
2931,,2,0,57,59
2932,,1,0,0,1
2933,,1,0,0,1
2934,,3,3,207,213
2935,,3,0,207,210
2936,,1,1,29,31
2937,,1,0,29,30
2938,,1,2,405,408
2939,,1,0,405,406
2940,,7,9,2760,2776
2941,,7,0,2760,2767
2942,,0,0,0,0
2943,,0,0,0,0
2944,,1,1,254,256
2945,,1,0,254,255
2946,,1,1,16,18
2947,,1,0,16,17
2948,,2,2,1003,1007
2949,,2,0,1003,1005
2950,,2,4,1584,1590
2951,,2,0,1584,1586
2952,,3,4,1164,1171
2953,,3,0,1164,1167
2954,,2,2,114,118
2955,,2,0,114,116
2956,,1,0,0,1
2957,,1,0,0,1
2958,,2,5,2398,2405
2959,,2,0,2398,2400
2960,,2,3,799,804
2961,,2,0,799,801
2962,,0,0,0,0
2963,,0,0,0,0
2964,,4,5,2387,2396
2965,,4,0,2387,2391
2966,,0,0,0,0
2967,,0,0,0,0
2968,,2,3,1430,1435
2969,,2,0,1430,1432
2970,,8,13,4398,4419
2971,,8,0,4398,4406
2972,,1,0,0,1
2973,,1,0,0,1
2974,,0,0,0,0
2975,,0,0,0,0
2976,,0,2,963,965
2977,,0,0,963,963
2978,,0,0,0,0
2979,,0,0,0,0
2980,,3,2,202,207
2981,,3,0,202,205
2982,,4,5,1203,1212
2983,,4,0,1203,1207
2984,,1,1,29,31
2985,,1,0,29,30
2986,,0,0,0,0
2987,,0,0,0,0
2988,,3,3,735,741
2989,,3,0,735,738
2990,,4,5,1741,1750
2991,,4,0,1741,1745
2992,,3,3,314,320
2993,,3,0,314,317
2994,,1,1,16,18
2995,,1,0,16,17
2996,,2,2,401,405
2997,,2,0,401,403
2998,,0,0,0,0
2999,,0,0,0,0
3000,,4,5,1494,1503
3001,,4,0,1494,1498
3002,,1,2,876,879
3003,,1,0,876,877
3004,,1,0,0,1
3005,,1,0,0,1
3006,,3,3,207,213
3007,,3,0,207,210
3008,,0,1,1082,1083
3009,,0,0,1082,1082
3010,,4,5,1660,1669
3011,,4,0,1660,1664
3012,,2,1,67,70
3013,,2,0,67,69
3014,,2,2,288,292
3015,,2,0,288,290
3016,,2,3,515,520
3017,,2,0,515,517
3018,,1,1,16,18
3019,,1,0,16,17
3020,,3,1,191,195
3021,,3,0,191,194
3022,,0,0,0,0
3023,,0,0,0,0
3024,,4,6,1872,1882
3025,,4,0,1872,1876
3026,,1,2,699,702
3027,,1,0,699,700
3028,,1,0,0,1
3029,,1,0,0,1
3030,,4,4,604,612
3031,,4,0,604,608
3032,,1,1,29,31
3033,,1,0,29,30
3034,,0,2,1488,1490
3035,,0,0,1488,1488
3036,,4,5,1853,1862
3037,,4,0,1853,1857
3038,,2,4,1757,1763
3039,,2,0,1757,1759
3040,,2,2,669,673
3041,,2,0,669,671
3042,,4,6,1354,1364
3043,,4,0,1354,1358
3044,,1,0,0,1
3045,,1,0,0,1
3046,,0,0,0,0
3047,,0,0,0,0
3048,,2,2,306,310
3049,,2,0,306,308
3050,,2,3,1573,1578
3051,,2,0,1573,1575
3052,,2,2,401,405
3053,,2,0,401,403
3054,,1,1,16,18
3055,,1,0,16,17
3056,,1,1,121,123
3057,,1,0,121,122
3058,,2,2,288,292
3059,,2,0,288,290
3060,,7,8,3436,3451
3061,,7,0,3436,3443
3062,,0,0,0,0
3063,,0,0,0,0
3064,,1,1,29,31
3065,,1,0,29,30
3066,,4,5,1203,1212
3067,,4,0,1203,1207
3068,,2,2,1406,1410
3069,,2,0,1406,1408
3070,,2,1,46,49
3071,,2,0,46,48
3072,,0,0,0,0
3073,,0,0,0,0
3074,,0,2,1786,1788
3075,,0,0,1786,1786
3076,,1,0,0,1
3077,,1,0,0,1
3078,,4,7,2867,2878
3079,,4,0,2867,2871
3080,,4,6,2970,2980
3081,,4,0,2970,2974
3082,,1,2,1290,1293
3083,,1,0,1290,1291
3084,,2,1,67,70
3085,,2,0,67,69
3086,,0,0,0,0
3087,,0,0,0,0
3088,,1,1,121,123
3089,,1,0,121,122
3090,,4,4,604,612
3091,,4,0,604,608
3092,,1,0,0,1
3093,,1,0,0,1
3094,,4,6,1218,1228
3095,,4,0,1218,1222
3096,,3,4,1247,1254
3097,,3,0,1247,1250
3098,,0,0,0,0
3099,,0,0,0,0
3100,,3,3,958,964
3101,,3,0,958,961
3102,,3,5,1915,1923
3103,,3,0,1915,1918
3104,,0,1,497,498
3105,,0,0,497,497
3106,,0,0,0,0
3107,,0,0,0,0
3108,,4,5,1346,1355
3109,,4,0,1346,1350
3110,,2,1,46,49
3111,,2,0,46,48
3112,,1,1,29,31
3113,,1,0,29,30
3114,,3,3,207,213
3115,,3,0,207,210
3116,,2,2,993,997
3117,,2,0,993,995
3118,,0,0,0,0
3119,,0,0,0,0
3120,,4,5,2177,2186
3121,,4,0,2177,2181
3122,,2,2,114,118
3123,,2,0,114,116
3124,,2,2,1003,1007
3125,,2,0,1003,1005
3126,,1,1,16,18
3127,,1,0,16,17
3128,,3,3,420,426
3129,,3,0,420,423
3130,,2,1,46,49
3131,,2,0,46,48
3132,,3,5,1494,1502
3133,,3,0,1494,1497
3134,,0,0,0,0
3135,,0,0,0,0
3136,,1,2,1199,1202
3137,,1,0,1199,1200
3138,,1,1,16,18
3139,,1,0,16,17
3140,,3,1,191,195
3141,,3,0,191,194
3142,,0,0,0,0
3143,,0,0,0,0
3144,,2,2,306,310
3145,,2,0,306,308
3146,,3,4,693,700
3147,,3,0,693,696
3148,,1,0,0,1
3149,,1,0,0,1
3150,,9,14,5096,5119
3151,,9,0,5096,5105
3152,,1,1,121,123
3153,,1,0,121,122
3154,,1,2,876,879
3155,,1,0,876,877
3156,,2,1,67,70
3157,,2,0,67,69
3158,,0,0,0,0
3159,,0,0,0,0
3160,,2,2,810,814
3161,,2,0,810,812
3162,,2,5,2457,2464
3163,,2,0,2457,2459
3164,,2,2,401,405
3165,,2,0,401,403
3166,,0,0,0,0
3167,,0,0,0,0
3168,,2,4,1119,1125
3169,,2,0,1119,1121
3170,,2,1,46,49
3171,,2,0,46,48
3172,,2,2,1406,1410
3173,,2,0,1406,1408
3174,,2,3,1306,1311
3175,,2,0,1306,1308
3176,,1,1,29,31
3177,,1,0,29,30
3178,,2,2,114,118
3179,,2,0,114,116
3180,,5,4,1743,1752
3181,,5,0,1743,1748
3182,,0,2,1571,1573
3183,,0,0,1571,1571
3184,,1,1,121,123
3185,,1,0,121,122
3186,,3,5,1991,1999
3187,,3,0,1991,1994
3188,,1,0,0,1
3189,,1,0,0,1
3190,,4,5,2227,2236
3191,,4,0,2227,2231
3192,,5,6,2252,2263
3193,,5,0,2252,2257
3194,,0,0,0,0
3195,,0,0,0,0
3196,,2,2,1219,1223
3197,,2,0,1219,1221
3198,,2,5,1984,1991
3199,,2,0,1984,1986
3200,,1,1,301,303
3201,,1,0,301,302
3202,,0,0,0,0
3203,,0,0,0,0
3204,,3,3,735,741
3205,,3,0,735,738
3206,,2,2,114,118
3207,,2,0,114,116
3208,,1,1,29,31
3209,,1,0,29,30
3210,,4,4,604,612
3211,,4,0,604,608
3212,,2,2,1003,1007
3213,,2,0,1003,1005
3214,,0,0,0,0
3215,,0,0,0,0
3216,,1,2,1250,1253
3217,,1,0,1250,1251
3218,,0,0,0,0
3219,,0,0,0,0
3220,,4,5,1442,1451
3221,,4,0,1442,1446
3222,,3,3,207,213
3223,,3,0,207,210
3224,,2,3,574,579
3225,,2,0,574,576
3226,,0,0,0,0
3227,,0,0,0,0
3228,,1,1,67,69
3229,,1,0,67,68
3230,,4,5,1621,1630
3231,,4,0,1621,1625
3232,,0,1,497,498
3233,,0,0,497,497
3234,,6,9,3197,3212
3235,,6,0,3197,3203
3236,,0,0,0,0
3237,,0,0,0,0
3238,,0,0,0,0
3239,,0,0,0,0
3240,,5,7,2573,2585
3241,,5,0,2573,2578
3242,,0,0,0,0
3243,,0,0,0,0
3244,,0,0,0,0
3245,,0,0,0,0
3246,,1,1,16,18
3247,,1,0,16,17
3248,,2,3,550,555
3249,,2,0,550,552
3250,,3,5,1978,1986
3251,,3,0,1978,1981
3252,,1,1,67,69
3253,,1,0,67,68
3254,,0,0,0,0
3255,,0,0,0,0
3256,,2,3,752,757
3257,,2,0,752,754
3258,,3,3,207,213
3259,,3,0,207,210
3260,,2,1,191,194
3261,,2,0,191,193
3262,,2,2,114,118
3263,,2,0,114,116
3264,,1,2,1413,1416
3265,,1,0,1413,1414
3266,,1,2,1290,1293
3267,,1,0,1290,1291
3268,,1,2,1076,1079
3269,,1,0,1076,1077
3270,,4,4,604,612
3271,,4,0,604,608
3272,,1,1,29,31
3273,,1,0,29,30
3274,,0,0,0,0
3275,,0,0,0,0
3276,,5,9,3495,3509
3277,,5,0,3495,3500
3278,,2,2,288,292
3279,,2,0,288,290
3280,,2,2,942,946
3281,,2,0,942,944
3282,,1,1,16,18
3283,,1,0,16,17
3284,,0,0,0,0
3285,,0,0,0,0
3286,,0,2,1845,1847
3287,,0,0,1845,1845
3288,,2,2,306,310
3289,,2,0,306,308
3290,,4,5,1838,1847
3291,,4,0,1838,1842
3292,,0,0,0,0
3293,,0,0,0,0
3294,,3,5,1991,1999
3295,,3,0,1991,1994
3296,,0,1,497,498
3297,,0,0,497,497
3298,,1,2,699,702
3299,,1,0,699,700
3300,,5,8,3683,3696
3301,,5,0,3683,3688
3302,,1,2,405,408
3303,,1,0,405,406
3304,,2,3,1592,1597
3305,,2,0,1592,1594
3306,,2,5,2896,2903
3307,,2,0,2896,2898
3308,,0,0,0,0
3309,,0,0,0,0
3310,,2,1,46,49
3311,,2,0,46,48
3312,,3,4,1541,1548
3313,,3,0,1541,1544
3314,,0,0,0,0
3315,,0,0,0,0
3316,,0,0,0,0
3317,,0,0,0,0
3318,,4,5,1203,1212
3319,,4,0,1203,1207
3320,,2,2,810,814
3321,,2,0,810,812
3322,,2,2,288,292
3323,,2,0,288,290
3324,,1,1,67,69
3325,,1,0,67,68
3326,,0,0,0,0
3327,,0,0,0,0
3328,,1,1,79,81
3329,,1,0,79,80
3330,,6,8,2453,2467
3331,,6,0,2453,2459
3332,,2,4,1715,1721
3333,,2,0,1715,1717
3334,,0,0,0,0
3335,,0,0,0,0
3336,,2,2,306,310
3337,,2,0,306,308
3338,,0,0,0,0
3339,,0,0,0,0
3340,,2,1,191,194
3341,,2,0,191,193
3342,,1,1,16,18
3343,,1,0,16,17
3344,,3,3,349,355
3345,,3,0,349,352
3346,,2,2,114,118
3347,,2,0,114,116
3348,,2,5,1553,1560
3349,,2,0,1553,1555
3350,,2,3,1573,1578
3351,,2,0,1573,1575
3352,,1,1,29,31
3353,,1,0,29,30
3354,,2,5,2067,2074
3355,,2,0,2067,2069
3356,,0,0,0,0
3357,,0,0,0,0
3358,,1,2,1290,1293
3359,,1,0,1290,1291
3360,,4,5,1432,1441
3361,,4,0,1432,1436
3362,,0,1,821,822
3363,,0,0,821,821
3364,,0,1,407,408
3365,,0,0,407,407
3366,,6,9,2999,3014
3367,,6,0,2999,3005
3368,,1,1,29,31
3369,,1,0,29,30
3370,,2,1,46,49
3371,,2,0,46,48
3372,,1,1,67,69
3373,,1,0,67,68
3374,,2,2,114,118
3375,,2,0,114,116
3376,,1,1,121,123
3377,,1,0,121,122
3378,,1,1,16,18
3379,,1,0,16,17
3380,,3,3,1597,1603
3381,,3,0,1597,1600
3382,,1,2,876,879
3383,,1,0,876,877
3384,,3,4,1425,1432
3385,,3,0,1425,1428
3386,,0,0,0,0
3387,,0,0,0,0
3388,,2,4,1404,1410
3389,,2,0,1404,1406
3390,,4,4,604,612
3391,,4,0,604,608
3392,,0,1,1379,1380
3393,,0,0,1379,1379
3394,,0,0,0,0
3395,,0,0,0,0
3396,,1,1,67,69
3397,,1,0,67,68
3398,,0,0,0,0
3399,,0,0,0,0
3400,,3,4,1248,1255
3401,,3,0,1248,1251
3402,,6,9,3178,3193
3403,,6,0,3178,3184
3404,,1,2,921,924
3405,,1,0,921,922
3406,,1,2,405,408
3407,,1,0,405,406
3408,,1,2,1250,1253
3409,,1,0,1250,1251
3410,,4,5,2286,2295
3411,,4,0,2286,2290
3412,,0,0,0,0
3413,,0,0,0,0
3414,,1,1,16,18
3415,,1,0,16,17
3416,,2,3,1592,1597
3417,,2,0,1592,1594
3418,,0,0,0,0
3419,,0,0,0,0
3420,,6,8,3792,3806
3421,,6,0,3792,3798
3422,,0,2,2061,2063
3423,,0,0,2061,2061
3424,,0,1,497,498
3425,,0,0,497,497
3426,,1,1,16,18
3427,,1,0,16,17
3428,,0,0,0,0
3429,,0,0,0,0
3430,,4,5,1933,1942
3431,,4,0,1933,1937
3432,,4,6,1712,1722
3433,,4,0,1712,1716
3434,,1,2,699,702
3435,,1,0,699,700
3436,,0,0,0,0
3437,,0,0,0,0
3438,,3,3,207,213
3439,,3,0,207,210
3440,,2,2,1025,1029
3441,,2,0,1025,1027
3442,,0,0,0,0
3443,,0,0,0,0
3444,,3,5,1500,1508
3445,,3,0,1500,1503
3446,,0,0,0,0
3447,,0,0,0,0
3448,,1,1,29,31
3449,,1,0,29,30
3450,,5,8,3421,3434
3451,,5,0,3421,3426
3452,,0,0,0,0
3453,,0,0,0,0
3454,,2,2,288,292
3455,,2,0,288,290
3456,,1,2,389,392
3457,,1,0,389,390
3458,,4,6,1395,1405
3459,,4,0,1395,1399
3460,,2,1,191,194
3461,,2,0,191,193
3462,,1,1,16,18
3463,,1,0,16,17
3464,,1,1,29,31
3465,,1,0,29,30
3466,,0,0,0,0
3467,,0,0,0,0
3468,,2,3,1480,1485
3469,,2,0,1480,1482
3470,,2,1,46,49
3471,,2,0,46,48
3472,,2,3,609,614
3473,,2,0,609,611
3474,,3,3,207,213
3475,,3,0,207,210
3476,,1,2,1003,1006
3477,,1,0,1003,1004
3478,,0,2,1749,1751
3479,,0,0,1749,1749
3480,,4,5,1600,1609
3481,,4,0,1600,1604
3482,,0,0,0,0
3483,,0,0,0,0
3484,,1,2,1406,1409
3485,,1,0,1406,1407
3486,,4,5,1203,1212
3487,,4,0,1203,1207
3488,,0,1,497,498
3489,,0,0,497,497
3490,,2,1,46,49
3491,,2,0,46,48
3492,,2,3,735,740
3493,,2,0,735,737
3494,,0,0,0,0
3495,,0,0,0,0
3496,,3,3,455,461
3497,,3,0,455,458
3498,,3,5,2212,2220
3499,,3,0,2212,2215
3500,,3,5,1489,1497
3501,,3,0,1489,1492
3502,,1,2,699,702
3503,,1,0,699,700
3504,,1,2,1250,1253
3505,,1,0,1250,1251
3506,,0,0,0,0
3507,,0,0,0,0
3508,,0,0,0,0
3509,,0,0,0,0
3510,,7,12,4717,4736
3511,,7,0,4717,4724
3512,,1,1,29,31
3513,,1,0,29,30
3514,,2,2,114,118
3515,,2,0,114,116
3516,,1,1,67,69
3517,,1,0,67,68
3518,,0,0,0,0
3519,,0,0,0,0
3520,,2,2,1542,1546
3521,,2,0,1542,1544
3522,,1,1,16,18
3523,,1,0,16,17
3524,,0,0,0,0
3525,,0,0,0,0
3526,,0,2,1725,1727
3527,,0,0,1725,1725
3528,,5,7,3294,3306
3529,,5,0,3294,3299
3530,,2,1,46,49
3531,,2,0,46,48
3532,,0,0,0,0
3533,,0,0,0,0
3534,,2,5,2955,2962
3535,,2,0,2955,2957
3536,,3,3,337,343
3537,,3,0,337,340
3538,,0,2,2061,2063
3539,,0,0,2061,2061
3540,,4,4,2076,2084
3541,,4,0,2076,2080
3542,,5,6,1692,1703
3543,,5,0,1692,1697
3544,,1,1,29,31
3545,,1,0,29,30
3546,,3,3,207,213
3547,,3,0,207,210
3548,,0,0,0,0
3549,,0,0,0,0
3550,,2,3,1573,1578
3551,,2,0,1573,1575
3552,,0,2,1164,1166
3553,,0,0,1164,1164
3554,,0,0,0,0
3555,,0,0,0,0
3556,,1,2,401,404
3557,,1,0,401,402
3558,,1,1,16,18
3559,,1,0,16,17
3560,,2,2,810,814
3561,,2,0,810,812
3562,,1,2,405,408
3563,,1,0,405,406
3564,,3,7,2619,2629
3565,,3,0,2619,2622
3566,,0,0,0,0
3567,,0,0,0,0
3568,,1,1,121,123
3569,,1,0,121,122
3570,,8,12,4362,4382
3571,,8,0,4362,4370
3572,,1,2,1254,1257
3573,,1,0,1254,1255
3574,,0,0,0,0
3575,,0,0,0,0
3576,,2,2,306,310
3577,,2,0,306,308
3578,,0,0,0,0
3579,,0,0,0,0
3580,,2,1,191,194
3581,,2,0,191,193
3582,,3,2,191,196
3583,,3,0,191,194
3584,,1,1,22,24
3585,,1,0,22,23
3586,,2,2,288,292
3587,,2,0,288,290
3588,,3,5,2469,2477
3589,,3,0,2469,2472
3590,,2,1,46,49
3591,,2,0,46,48
3592,,1,1,29,31
3593,,1,0,29,30
3594,,1,0,0,1
3595,,1,0,0,1
3596,,0,2,873,875
3597,,0,0,873,873
3598,,2,2,114,118
3599,,2,0,114,116
3600,,4,6,2685,2695
3601,,4,0,2685,2689
3602,,0,0,0,0
3603,,0,0,0,0
3604,,1,2,1516,1519
3605,,1,0,1516,1517
3606,,1,0,0,1
3607,,1,0,0,1
3608,,2,3,906,911
3609,,2,0,906,908
3610,,3,3,922,928
3611,,3,0,922,925
3612,,3,5,1583,1591
3613,,3,0,1583,1586
3614,,1,2,405,408
3615,,1,0,405,406
3616,,0,1,497,498
3617,,0,0,497,497
3618,,3,4,1975,1982
3619,,3,0,1975,1978
3620,,2,1,191,194
3621,,2,0,191,193
3622,,0,0,0,0
3623,,0,0,0,0
3624,,2,2,306,310
3625,,2,0,306,308
3626,,2,4,1958,1964
3627,,2,0,1958,1960
3628,,0,0,0,0
3629,,0,0,0,0
3630,,6,7,2891,2904
3631,,6,0,2891,2897
3632,,1,1,121,123
3633,,1,0,121,122
3634,,1,2,1290,1293
3635,,1,0,1290,1291
3636,,2,3,735,740
3637,,2,0,735,737
3638,,1,2,699,702
3639,,1,0,699,700
3640,,4,6,3048,3058
3641,,4,0,3048,3052
3642,,1,0,0,1
3643,,1,0,0,1
3644,,0,0,0,0
3645,,0,0,0,0
3646,,0,0,0,0
3647,,0,0,0,0
3648,,1,2,1769,1772
3649,,1,0,1769,1770
3650,,2,3,1573,1578
3651,,2,0,1573,1575
3652,,1,2,1003,1006
3653,,1,0,1003,1004
3654,,6,8,3439,3453
3655,,6,0,3439,3445
3656,,1,1,29,31
3657,,1,0,29,30
3658,,0,2,2178,2180
3659,,0,0,2178,2178
3660,,4,4,2135,2143
3661,,4,0,2135,2139
3662,,0,0,0,0
3663,,0,0,0,0
3664,,1,1,121,123
3665,,1,0,121,122
3666,,2,4,2229,2235
3667,,2,0,2229,2231
3668,,1,2,401,404
3669,,1,0,401,402
3670,,2,1,46,49
3671,,2,0,46,48
3672,,4,6,2108,2118
3673,,4,0,2108,2112
3674,,2,2,288,292
3675,,2,0,288,290
3676,,0,0,0,0
3677,,0,0,0,0
3678,,1,0,0,1
3679,,1,0,0,1
3680,,2,2,751,755
3681,,2,0,751,753
3682,,2,2,114,118
3683,,2,0,114,116
3684,,1,1,67,69
3685,,1,0,67,68
3686,,1,2,876,879
3687,,1,0,876,877
3688,,1,1,29,31
3689,,1,0,29,30
3690,,6,7,2591,2604
3691,,6,0,2591,2597
3692,,1,2,1406,1409
3693,,1,0,1406,1407
3694,,0,0,0,0
3695,,0,0,0,0
3696,,4,6,2068,2078
3697,,4,0,2068,2072
3698,,0,1,904,905
3699,,0,0,904,904
3700,,2,3,1159,1164
3701,,2,0,1159,1161
3702,,1,0,0,1
3703,,1,0,0,1
3704,,1,1,29,31
3705,,1,0,29,30
3706,,1,2,699,702
3707,,1,0,699,700
3708,,2,3,735,740
3709,,2,0,735,737
3710,,4,5,2135,2144
3711,,4,0,2135,2139
3712,,0,1,407,408
3713,,0,0,407,407
3714,,1,0,0,1
3715,,1,0,0,1
3716,,0,0,0,0
3717,,0,0,0,0
3718,,3,4,693,700
3719,,3,0,693,696
3720,,4,5,1659,1668
3721,,4,0,1659,1663
3722,,0,0,0,0
3723,,0,0,0,0
3724,,2,4,1750,1756
3725,,2,0,1750,1752
3726,,4,6,3265,3275
3727,,4,0,3265,3269
3728,,1,1,121,123
3729,,1,0,121,122
3730,,2,1,46,49
3731,,2,0,46,48
3732,,1,1,67,69
3733,,1,0,67,68
3734,,0,0,0,0
3735,,0,0,0,0
3736,,1,1,29,31
3737,,1,0,29,30
3738,,4,4,1187,1195
3739,,4,0,1187,1191
3740,,4,5,2817,2826
3741,,4,0,2817,2821
3742,,0,0,0,0
3743,,0,0,0,0
3744,,2,4,1355,1361
3745,,2,0,1355,1357
3746,,0,0,0,0
3747,,0,0,0,0
3748,,0,0,0,0
3749,,0,0,0,0
3750,,4,5,2115,2124
3751,,4,0,2115,2119
3752,,2,3,1592,1597
3753,,2,0,1592,1594
3754,,0,0,0,0
3755,,0,0,0,0
3756,,1,1,67,69
3757,,1,0,67,68
3758,,0,0,0,0
3759,,0,0,0,0
3760,,2,2,1203,1207
3761,,2,0,1203,1205
3762,,6,8,3481,3495
3763,,6,0,3481,3487
3764,,0,0,0,0
3765,,0,0,0,0
3766,,2,2,114,118
3767,,2,0,114,116
3768,,2,2,306,310
3769,,2,0,306,308
3770,,3,5,2512,2520
3771,,3,0,2512,2515
3772,,1,2,1075,1078
3773,,1,0,1075,1076
3774,,2,4,2642,2648
3775,,2,0,2642,2644
3776,,0,1,1712,1713
3777,,0,0,1712,1712
3778,,0,0,0,0
3779,,0,0,0,0
3780,,7,12,5354,5373
3781,,7,0,5354,5361
3782,,0,2,2297,2299
3783,,0,0,2297,2297
3784,,2,3,989,994
3785,,2,0,989,991
3786,,1,0,0,1
3787,,1,0,0,1
3788,,0,0,0,0
3789,,0,0,0,0
3790,,2,1,46,49
3791,,2,0,46,48
3792,,1,2,1250,1253
3793,,1,0,1250,1251
3794,,2,2,114,118
3795,,2,0,114,116
3796,,1,2,1406,1409
3797,,1,0,1406,1407
3798,,3,2,191,196
3799,,3,0,191,194
3800,,3,4,1283,1290
3801,,3,0,1283,1286
3802,,0,0,0,0
3803,,0,0,0,0
3804,,1,1,67,69
3805,,1,0,67,68
3806,,2,2,288,292
3807,,2,0,288,290
3808,,2,3,656,661
3809,,2,0,656,658
3810,,4,3,588,595
3811,,4,0,588,592
3812,,0,0,0,0
3813,,0,0,0,0
3814,,0,0,0,0
3815,,0,0,0,0
3816,,3,4,1722,1729
3817,,3,0,1722,1725
3818,,1,2,1290,1293
3819,,1,0,1290,1291
3820,,2,1,191,194
3821,,2,0,191,193
3822,,5,8,3511,3524
3823,,5,0,3511,3516
3824,,1,1,121,123
3825,,1,0,121,122
3826,,0,0,0,0
3827,,0,0,0,0
3828,,2,5,2006,2013
3829,,2,0,2006,2008
3830,,2,1,46,49
3831,,2,0,46,48
3832,,1,1,29,31
3833,,1,0,29,30
3834,,3,4,1975,1982
3835,,3,0,1975,1978
3836,,1,2,401,404
3837,,1,0,401,402
3838,,1,2,876,879
3839,,1,0,876,877
3840,,2,1,106,109
3841,,2,0,106,108
3842,,1,2,699,702
3843,,1,0,699,700
3844,,0,1,466,467
3845,,0,0,466,466
3846,,1,0,0,1
3847,,1,0,0,1
3848,,2,3,775,780
3849,,2,0,775,777
3850,,6,9,4057,4072
3851,,6,0,4057,4063
3852,,2,3,735,740
3853,,2,0,735,737
3854,,0,2,1903,1905
3855,,0,0,1903,1903
3856,,1,1,121,123
3857,,1,0,121,122
3858,,1,0,0,1
3859,,1,0,0,1
3860,,2,1,191,194
3861,,2,0,191,193
3862,,0,0,0,0
3863,,0,0,0,0
3864,,5,6,2334,2345
3865,,5,0,2334,2339
3866,,0,0,0,0
3867,,0,0,0,0
3868,,0,0,0,0
3869,,0,0,0,0
3870,,6,7,2674,2687
3871,,6,0,2674,2680
3872,,1,2,553,556
3873,,1,0,553,554
3874,,1,2,405,408
3875,,1,0,405,406
3876,,3,5,3249,3257
3877,,3,0,3249,3252
3878,,2,2,114,118
3879,,2,0,114,116
3880,,2,2,810,814
3881,,2,0,810,812
3882,,1,0,0,1
3883,,1,0,0,1
3884,,0,0,0,0
3885,,0,0,0,0
3886,,0,2,2061,2063
3887,,0,0,2061,2061
3888,,2,4,1639,1645
3889,,2,0,1639,1641
3890,,2,1,46,49
3891,,2,0,46,48
3892,,1,2,401,404
3893,,1,0,401,402
3894,,3,4,2529,2536
3895,,3,0,2529,2532
3896,,1,1,29,31
3897,,1,0,29,30
3898,,0,0,0,0
3899,,0,0,0,0
3900,,5,8,4584,4597
3901,,5,0,4584,4589
3902,,0,0,0,0
3903,,0,0,0,0
3904,,0,1,1831,1832
3905,,0,0,1831,1831
3906,,6,8,3736,3750
3907,,6,0,3736,3742
3908,,0,0,0,0
3909,,0,0,0,0
3910,,4,5,2035,2044
3911,,4,0,2035,2039
3912,,2,2,306,310
3913,,2,0,306,308
3914,,1,2,876,879
3915,,1,0,876,877
3916,,1,2,1003,1006
3917,,1,0,1003,1004
3918,,1,0,0,1
3919,,1,0,0,1
3920,,3,4,1916,1923
3921,,3,0,1916,1919
3922,,0,2,2046,2048
3923,,0,0,2046,2046
3924,,2,3,735,740
3925,,2,0,735,737
3926,,1,2,405,408
3927,,1,0,405,406
3928,,1,1,29,31
3929,,1,0,29,30
3930,,4,3,588,595
3931,,4,0,588,592
3932,,0,0,0,0
3933,,0,0,0,0
3934,,2,2,114,118
3935,,2,0,114,116
3936,,0,2,1318,1320
3937,,0,0,1318,1318
3938,,2,2,288,292
3939,,2,0,288,290
3940,,2,1,191,194
3941,,2,0,191,193
3942,,3,4,1975,1982
3943,,3,0,1975,1978
3944,,2,3,573,578
3945,,2,0,573,575
3946,,0,0,0,0
3947,,0,0,0,0
3948,,3,5,1761,1769
3949,,3,0,1761,1764
3950,,2,3,1573,1578
3951,,2,0,1573,1575
3952,,3,3,372,378
3953,,3,0,372,375
3954,,1,0,0,1
3955,,1,0,0,1
3956,,1,2,1158,1161
3957,,1,0,1158,1159
3958,,0,0,0,0
3959,,0,0,0,0
3960,,6,9,4292,4307
3961,,6,0,4292,4298
3962,,2,2,114,118
3963,,2,0,114,116
3964,,0,0,0,0
3965,,0,0,0,0
3966,,1,0,0,1
3967,,1,0,0,1
3968,,0,1,466,467
3969,,0,0,466,466
3970,,2,1,46,49
3971,,2,0,46,48
3972,,1,1,67,69
3973,,1,0,67,68
3974,,0,0,0,0
3975,,0,0,0,0
3976,,2,3,1592,1597
3977,,2,0,1592,1594
3978,,5,8,3313,3326
3979,,5,0,3313,3318
3980,,2,1,191,194
3981,,2,0,191,193
3982,,2,2,288,292
3983,,2,0,288,290
3984,,1,2,1250,1253
3985,,1,0,1250,1251
3986,,0,0,0,0
3987,,0,0,0,0
3988,,0,0,0,0
3989,,0,0,0,0
3990,,8,11,4844,4863
3991,,8,0,4844,4852
3992,,1,1,29,31
3993,,1,0,29,30
3994,,0,0,0,0
3995,,0,0,0,0
3996,,2,5,1754,1761
3997,,2,0,1754,1756
3998,,0,0,0,0
3999,,0,0,0,0
4000,,1,2,798,801
4001,,1,0,798,799
4002,,2,4,3351,3357
4003,,2,0,3351,3353
4004,,3,6,2810,2819
4005,,3,0,2810,2813
4006,,0,0,0,0
4007,,0,0,0,0
4008,,2,2,306,310
4009,,2,0,306,308
4010,,2,1,46,49
4011,,2,0,46,48
4012,,1,2,1849,1852
4013,,1,0,1849,1850
4014,,3,2,191,196
4015,,3,0,191,194
4016,,1,1,121,123
4017,,1,0,121,122
4018,,2,4,2112,2118
4019,,2,0,2112,2114
4020,,4,4,2135,2143
4021,,4,0,2135,2139
4022,,0,0,0,0
4023,,0,0,0,0
4024,,1,1,29,31
4025,,1,0,29,30
4026,,3,4,2648,2655
4027,,3,0,2648,2651
4028,,1,2,1551,1554
4029,,1,0,1551,1552
4030,,2,5,2809,2816
4031,,2,0,2809,2811
4032,,3,4,2224,2231
4033,,3,0,2224,2227
4034,,0,0,0,0
4035,,0,0,0,0
4036,,0,0,0,0
4037,,0,0,0,0
4038,,1,0,0,1
4039,,1,0,0,1
4040,,1,2,810,813
4041,,1,0,810,811
4042,,0,2,1986,1988
4043,,0,0,1986,1986
4044,,1,1,67,69
4045,,1,0,67,68
4046,,3,4,813,820
4047,,3,0,813,816
4048,,3,3,431,437
4049,,3,0,431,434
4050,,5,10,5081,5096
4051,,5,0,5081,5086
4052,,0,0,0,0
4053,,0,0,0,0
4054,,0,0,0,0
4055,,0,0,0,0
4056,,3,4,1127,1134
4057,,3,0,1127,1130
4058,,0,0,0,0
4059,,0,0,0,0
4060,,2,5,1595,1602
4061,,2,0,1595,1597
4062,,1,0,0,1
4063,,1,0,0,1
4064,,0,1,497,498
4065,,0,0,497,497
4066,,1,2,876,879
4067,,1,0,876,877
4068,,2,3,735,740
4069,,2,0,735,737
4070,,3,5,2487,2495
4071,,3,0,2487,2490
4072,,1,1,29,31
4073,,1,0,29,30
4074,,4,4,1187,1195
4075,,4,0,1187,1191
4076,,0,0,0,0
4077,,0,0,0,0
4078,,0,0,0,0
4079,,0,0,0,0
4080,,3,5,2769,2777
4081,,3,0,2769,2772
4082,,1,2,405,408
4083,,1,0,405,406
4084,,0,0,0,0
4085,,0,0,0,0
4086,,3,2,191,196
4087,,3,0,191,194
4088,,2,3,1592,1597
4089,,2,0,1592,1594
4090,,1,1,46,48
4091,,1,0,46,47
4092,,2,5,2065,2072
4093,,2,0,2065,2067
4094,,1,2,1290,1293
4095,,1,0,1290,1291
4096,,0,0,0,0
4097,,0,0,0,0
4098,,1,0,0,1
4099,,1,0,0,1
4100,,1,3,1313,1317
4101,,1,0,1313,1314
4102,,2,2,114,118
4103,,2,0,114,116
4104,,4,6,2464,2474
4105,,4,0,2464,2468
4106,,0,0,0,0
4107,,0,0,0,0
4108,,1,2,1406,1409
4109,,1,0,1406,1407
4110,,3,3,588,594
4111,,3,0,588,591
4112,,1,1,121,123
4113,,1,0,121,122
4114,,3,4,987,994
4115,,3,0,987,990
4116,,3,5,1856,1864
4117,,3,0,1856,1859
4118,,0,2,2061,2063
4119,,0,0,2061,2061
4120,,1,2,810,813
4121,,1,0,810,811
4122,,3,2,191,196
4123,,3,0,191,194
4124,,0,0,0,0
4125,,0,0,0,0
4126,,0,0,0,0
4127,,0,0,0,0
4128,,0,2,1401,1403
4129,,0,0,1401,1401
4130,,3,5,2468,2476
4131,,3,0,2468,2471
4132,,0,0,0,0
4133,,0,0,0,0
4134,,2,4,2526,2532
4135,,2,0,2526,2528
4136,,2,3,1167,1172
4137,,2,0,1167,1169
4138,,0,0,0,0
4139,,0,0,0,0
4140,,5,8,4048,4061
4141,,5,0,4048,4053
4142,,1,2,876,879
4143,,1,0,876,877
4144,,2,3,810,815
4145,,2,0,810,812
4146,,1,0,0,1
4147,,1,0,0,1
4148,,1,2,1968,1971
4149,,1,0,1968,1969
4150,,1,3,1573,1577
4151,,1,0,1573,1574
4152,,2,2,306,310
4153,,2,0,306,308
4154,,0,2,2358,2360
4155,,0,0,2358,2358
4156,,0,0,0,0
4157,,0,0,0,0
4158,,8,12,5933,5953
4159,,8,0,5933,5941
4160,,1,2,2079,2082
4161,,1,0,2079,2080
4162,,0,0,0,0
4163,,0,0,0,0
4164,,1,1,67,69
4165,,1,0,67,68
4166,,0,0,0,0
4167,,0,0,0,0
4168,,1,1,29,31
4169,,1,0,29,30
4170,,3,3,588,594
4171,,3,0,588,591
4172,,1,1,379,381
4173,,1,0,379,380
4174,,0,0,0,0
4175,,0,0,0,0
4176,,2,4,1694,1700
4177,,2,0,1694,1696
4178,,0,0,0,0
4179,,0,0,0,0
4180,,3,5,2852,2860
4181,,3,0,2852,2855
4182,,2,4,2796,2802
4183,,2,0,2796,2798
4184,,1,1,29,31
4185,,1,0,29,30
4186,,4,5,1787,1796
4187,,4,0,1787,1791
4188,,1,1,67,69
4189,,1,0,67,68
4190,,1,1,46,48
4191,,1,0,46,47
4192,,0,1,497,498
4193,,0,0,497,497
4194,,3,2,191,196
4195,,3,0,191,194
4196,,0,0,0,0
4197,,0,0,0,0
4198,,0,0,0,0
4199,,0,0,0,0
4200,,5,8,3842,3855
4201,,5,0,3842,3847
4202,,2,2,288,292
4203,,2,0,288,290
4204,,0,0,0,0
4205,,0,0,0,0
4206,,1,0,0,1
4207,,1,0,0,1
4208,,1,1,121,123
4209,,1,0,121,122
4210,,1,1,46,48
4211,,1,0,46,47
4212,,3,7,3235,3245
4213,,3,0,3235,3238
4214,,2,3,2173,2178
4215,,2,0,2173,2175
4216,,2,3,632,637
4217,,2,0,632,634
4218,,2,4,3140,3146
4219,,2,0,3140,3142
4220,,1,1,191,193
4221,,1,0,191,192
4222,,0,0,0,0
4223,,0,0,0,0
4224,,1,2,585,588
4225,,1,0,585,586
4226,,0,0,0,0
4227,,0,0,0,0
4228,,1,1,379,381
4229,,1,0,379,380
4230,,5,7,2852,2864
4231,,5,0,2852,2857
4232,,2,2,283,287
4233,,2,0,283,285
4234,,0,2,2061,2063
4235,,0,0,2061,2061
4236,,1,1,67,69
4237,,1,0,67,68
4238,,1,2,405,408
4239,,1,0,405,406
4240,,1,2,1500,1503
4241,,1,0,1500,1501
4242,,4,3,1165,1172
4243,,4,0,1165,1169
4244,,0,0,0,0
4245,,0,0,0,0
4246,,2,2,288,292
4247,,2,0,288,290
4248,,3,4,2055,2062
4249,,3,0,2055,2058
4250,,2,5,2272,2279
4251,,2,0,2272,2274
4252,,0,0,0,0
4253,,0,0,0,0
4254,,1,0,0,1
4255,,1,0,0,1
4256,,2,2,669,673
4257,,2,0,669,671
4258,,0,0,0,0
4259,,0,0,0,0
4260,,3,4,2135,2142
4261,,3,0,2135,2138
4262,,0,0,0,0
4263,,0,0,0,0
4264,,2,3,929,934
4265,,2,0,929,931
4266,,3,4,1975,1982
4267,,3,0,1975,1978
4268,,1,2,1003,1006
4269,,1,0,1003,1004
4270,,3,4,2565,2572
4271,,3,0,2565,2568
4272,,1,2,1250,1253
4273,,1,0,1250,1251
4274,,0,0,0,0
4275,,0,0,0,0
4276,,0,0,0,0
4277,,0,0,0,0
4278,,2,4,3648,3654
4279,,2,0,3648,3650
4280,,1,2,810,813
4281,,1,0,810,811
4282,,0,0,0,0
4283,,0,0,0,0
4284,,5,8,4692,4705
4285,,5,0,4692,4697
4286,,0,0,0,0
4287,,0,0,0,0
4288,,0,1,2000,2001
4289,,0,0,2000,2000
4290,,6,11,6038,6055
4291,,6,0,6038,6044
4292,,0,2,1074,1076
4293,,0,0,1074,1074
4294,,1,2,876,879
4295,,1,0,876,877
4296,,2,2,306,310
4297,,2,0,306,308
4298,,2,1,92,95
4299,,2,0,92,94
4300,,1,3,1396,1400
4301,,1,0,1396,1397
4302,,3,2,191,196
4303,,3,0,191,194
4304,,1,1,121,123
4305,,1,0,121,122
4306,,0,0,0,0
4307,,0,0,0,0
4308,,1,1,67,69
4309,,1,0,67,68
4310,,1,1,46,48
4311,,1,0,46,47
4312,,3,4,2803,2810
4313,,3,0,2803,2806
4314,,1,0,0,1
4315,,1,0,0,1
4316,,1,2,1406,1409
4317,,1,0,1406,1407
4318,,1,2,699,702
4319,,1,0,699,700
4320,,2,5,1983,1990
4321,,2,0,1983,1985
4322,,0,0,0,0
4323,,0,0,0,0
4324,,1,2,1336,1339
4325,,1,0,1336,1337
4326,,4,3,1165,1172
4327,,4,0,1165,1169
4328,,1,1,29,31
4329,,1,0,29,30
4330,,1,1,46,48
4331,,1,0,46,47
4332,,2,3,1836,1841
4333,,2,0,1836,1838
4334,,2,2,288,292
4335,,2,0,288,290
4336,,1,1,121,123
4337,,1,0,121,122
4338,,3,2,191,196
4339,,3,0,191,194
4340,,2,4,1632,1638
4341,,2,0,1632,1634
4342,,1,2,405,408
4343,,1,0,405,406
4344,,2,2,306,310
4345,,2,0,306,308
4346,,0,2,2200,2202
4347,,0,0,2200,2200
4348,,0,0,0,0
4349,,0,0,0,0
4350,,3,7,4176,4186
4351,,3,0,4176,4179
4352,,1,1,137,139
4353,,1,0,137,138
4354,,2,1,92,95
4355,,2,0,92,94
4356,,3,6,2267,2276
4357,,3,0,2267,2270
4358,,0,0,0,0
4359,,0,0,0,0
4360,,1,2,810,813
4361,,1,0,810,811
4362,,1,0,0,1
4363,,1,0,0,1
4364,,0,0,0,0
4365,,0,0,0,0
4366,,0,2,2379,2381
4367,,0,0,2379,2379
4368,,4,5,2282,2291
4369,,4,0,2282,2286
4370,,3,5,2212,2220
4371,,3,0,2212,2215
4372,,0,0,0,0
4373,,0,0,0,0
4374,,3,4,1975,1982
4375,,3,0,1975,1978
4376,,1,1,29,31
4377,,1,0,29,30
4378,,2,2,288,292
4379,,2,0,288,290
4380,,3,4,2135,2142
4381,,3,0,2135,2138
4382,,2,1,92,95
4383,,2,0,92,94
4384,,0,1,497,498
4385,,0,0,497,497
4386,,2,4,2879,2885
4387,,2,0,2879,2881
4388,,0,0,0,0
4389,,0,0,0,0
4390,,1,1,46,48
4391,,1,0,46,47
4392,,3,4,2174,2181
4393,,3,0,2174,2177
4394,,1,2,405,408
4395,,1,0,405,406
4396,,1,1,379,381
4397,,1,0,379,380
4398,,1,0,0,1
4399,,1,0,0,1
4400,,2,4,1964,1970
4401,,2,0,1964,1966
4402,,0,2,2358,2360
4403,,0,0,2358,2358
4404,,1,1,67,69
4405,,1,0,67,68
4406,,0,0,0,0
4407,,0,0,0,0
4408,,2,3,608,613
4409,,2,0,608,610
4410,,8,12,6662,6682
4411,,8,0,6662,6670
4412,,0,0,0,0
4413,,0,0,0,0
4414,,0,0,0,0
4415,,0,0,0,0
4416,,1,2,2254,2257
4417,,1,0,2254,2255
4418,,0,1,1082,1083
4419,,0,0,1082,1082
4420,,3,5,3734,3742
4421,,3,0,3734,3737
4422,,3,4,2817,2824
4423,,3,0,2817,2820
4424,,2,2,1570,1574
4425,,2,0,1570,1572
4426,,0,0,0,0
4427,,0,0,0,0
4428,,2,5,1908,1915
4429,,2,0,1908,1910
4430,,1,1,46,48
4431,,1,0,46,47
4432,,1,1,121,123
4433,,1,0,121,122
4434,,1,0,0,1
4435,,1,0,0,1
4436,,0,0,0,0
4437,,0,0,0,0
4438,,2,1,92,95
4439,,2,0,92,94
4440,,3,5,1860,1868
4441,,3,0,1860,1863
4442,,0,0,0,0
4443,,0,0,0,0
4444,,1,2,1003,1006
4445,,1,0,1003,1004
4446,,5,8,3811,3824
4447,,5,0,3811,3816
4448,,0,1,497,498
4449,,0,0,497,497
4450,,1,3,1573,1577
4451,,1,0,1573,1574
4452,,3,4,2036,2043
4453,,3,0,2036,2039
4454,,1,2,699,702
4455,,1,0,699,700
4456,,1,1,29,31
4457,,1,0,29,30
4458,,1,0,0,1
4459,,1,0,0,1
4460,,1,1,191,193
4461,,1,0,191,192
4462,,1,2,1290,1293
4463,,1,0,1290,1291
4464,,2,4,1753,1759
4465,,2,0,1753,1755
4466,,4,5,2441,2450
4467,,4,0,2441,2445
4468,,0,0,0,0
4469,,0,0,0,0
4470,,3,3,588,594
4471,,3,0,588,591
4472,,2,3,1012,1017
4473,,2,0,1012,1014
4474,,0,0,0,0
4475,,0,0,0,0
4476,,1,1,67,69
4477,,1,0,67,68
4478,,0,0,0,0
4479,,0,0,0,0
4480,,1,1,596,598
4481,,1,0,596,597
4482,,3,4,1975,1982
4483,,3,0,1975,1978
4484,,1,2,1884,1887
4485,,1,0,1884,1885
4486,,0,0,0,0
4487,,0,0,0,0
4488,,4,6,2304,2314
4489,,4,0,2304,2308
4490,,1,1,46,48
4491,,1,0,46,47
4492,,0,0,0,0
4493,,0,0,0,0
4494,,4,3,1165,1172
4495,,4,0,1165,1169
4496,,1,1,121,123
4497,,1,0,121,122
4498,,1,2,405,408
4499,,1,0,405,406
4500,,4,8,4095,4107
4501,,4,0,4095,4099
4502,,0,0,0,0
4503,,0,0,0,0
4504,,1,1,29,31
4505,,1,0,29,30
4506,,1,0,0,1
4507,,1,0,0,1
4508,,2,3,1810,1815
4509,,2,0,1810,1812
4510,,3,5,2641,2649
4511,,3,0,2641,2644
4512,,0,2,1579,1581
4513,,0,0,1579,1579
4514,,0,2,2498,2500
4515,,0,0,2498,2498
4516,,0,0,0,0
4517,,0,0,0,0
4518,,3,2,191,196
4519,,3,0,191,194
4520,,1,2,810,813
4521,,1,0,810,811
4522,,4,5,1667,1676
4523,,4,0,1667,1671
4524,,2,5,2622,2629
4525,,2,0,2622,2624
4526,,0,2,2358,2360
4527,,0,0,2358,2358
4528,,1,1,121,123
4529,,1,0,121,122
4530,,3,3,588,594
4531,,3,0,588,591
4532,,1,2,1003,1006
4533,,1,0,1003,1004
4534,,0,0,0,0
4535,,0,0,0,0
4536,,5,7,4401,4413
4537,,5,0,4401,4406
4538,,0,0,0,0
4539,,0,0,0,0
4540,,1,1,191,193
4541,,1,0,191,192
4542,,1,0,0,1
4543,,1,0,0,1
4544,,0,1,2000,2001
4545,,0,0,2000,2000
4546,,0,0,0,0
4547,,0,0,0,0
4548,,1,1,67,69
4549,,1,0,67,68
4550,,4,8,4666,4678
4551,,4,0,4666,4670
4552,,1,1,29,31
4553,,1,0,29,30
4554,,6,8,4298,4312
4555,,6,0,4298,4304
4556,,1,2,2137,2140
4557,,1,0,2137,2138
4558,,0,2,2283,2285
4559,,0,0,2283,2283
4560,,3,5,3125,3133
4561,,3,0,3125,3128
4562,,0,0,0,0
4563,,0,0,0,0
4564,,1,1,379,381
4565,,1,0,379,380
4566,,1,0,0,1
4567,,1,0,0,1
4568,,1,1,29,31
4569,,1,0,29,30
4570,,1,1,46,48
4571,,1,0,46,47
4572,,2,3,735,740
4573,,2,0,735,737
4574,,0,0,0,0
4575,,0,0,0,0
4576,,2,3,632,637
4577,,2,0,632,634
4578,,4,3,1165,1172
4579,,4,0,1165,1169
4580,,1,1,191,193
4581,,1,0,191,192
4582,,0,2,2061,2063
4583,,0,0,2061,2061
4584,,2,2,306,310
4585,,2,0,306,308
4586,,0,0,0,0
4587,,0,0,0,0
4588,,0,2,1133,1135
4589,,0,0,1133,1133
4590,,6,11,5529,5546
4591,,6,0,5529,5535
4592,,2,2,942,946
4593,,2,0,942,944
4594,,0,0,0,0
4595,,0,0,0,0
4596,,1,1,67,69
4597,,1,0,67,68
4598,,3,4,1164,1171
4599,,3,0,1164,1167
4600,,2,4,1365,1371
4601,,2,0,1365,1367
4602,,2,4,2859,2865
4603,,2,0,2859,2861
4604,,0,0,0,0
4605,,0,0,0,0
4606,,2,3,2351,2356
4607,,2,0,2351,2353
4608,,1,1,37,39
4609,,1,0,37,38
4610,,1,1,46,48
4611,,1,0,46,47
4612,,0,0,0,0
4613,,0,0,0,0
4614,,1,0,0,1
4615,,1,0,0,1
4616,,1,1,29,31
4617,,1,0,29,30
4618,,0,0,0,0
4619,,0,0,0,0
4620,,6,11,6339,6356
4621,,6,0,6339,6345
4622,,0,0,0,0
4623,,0,0,0,0
4624,,2,2,258,262
4625,,2,0,258,260
4626,,3,2,191,196
4627,,3,0,191,194
4628,,1,2,1406,1409
4629,,1,0,1406,1407
4630,,1,1,46,48
4631,,1,0,46,47
4632,,2,2,306,310
4633,,2,0,306,308
4634,,2,1,92,95
4635,,2,0,92,94
4636,,1,2,2003,2006
4637,,1,0,2003,2004
4638,,1,0,0,1
4639,,1,0,0,1
4640,,0,2,904,906
4641,,0,0,904,904
4642,,2,2,288,292
4643,,2,0,288,290
4644,,2,5,1991,1998
4645,,2,0,1991,1993
4646,,1,2,1290,1293
4647,,1,0,1290,1291
4648,,2,2,1570,1574
4649,,2,0,1570,1572
4650,,3,7,4473,4483
4651,,3,0,4473,4476
4652,,0,0,0,0
4653,,0,0,0,0
4654,,1,2,405,408
4655,,1,0,405,406
4656,,1,2,1250,1253
4657,,1,0,1250,1251
4658,,1,2,699,702
4659,,1,0,699,700
4660,,1,1,191,193
4661,,1,0,191,192
4662,,6,7,3977,3990
4663,,6,0,3977,3983
4664,,2,3,1464,1469
4665,,2,0,1464,1466
4666,,0,0,0,0
4667,,0,0,0,0
4668,,1,1,67,69
4669,,1,0,67,68
4670,,1,1,46,48
4671,,1,0,46,47
4672,,0,1,2000,2001
4673,,0,0,2000,2000
4674,,2,4,3294,3300
4675,,2,0,3294,3296
4676,,1,1,379,381
4677,,1,0,379,380
4678,,0,0,0,0
4679,,0,0,0,0
4680,,5,9,5042,5056
4681,,5,0,5042,5047
4682,,0,0,0,0
4683,,0,0,0,0
4684,,0,0,0,0
4685,,0,0,0,0
4686,,3,4,2817,2824
4687,,3,0,2817,2820
4688,,1,1,121,123
4689,,1,0,121,122
4690,,3,4,2734,2741
4691,,3,0,2734,2737
4692,,3,5,3734,3742
4693,,3,0,3734,3737
4694,,0,0,0,0
4695,,0,0,0,0
4696,,1,1,29,31
4697,,1,0,29,30
4698,,3,6,4036,4045
4699,,3,0,4036,4039
4700,,1,3,1574,1578
4701,,1,0,1574,1575
4702,,0,0,0,0
4703,,0,0,0,0
4704,,2,3,1885,1890
4705,,2,0,1885,1887
4706,,1,2,405,408
4707,,1,0,405,406
4708,,1,2,1003,1006
4709,,1,0,1003,1004
4710,,3,3,588,594
4711,,3,0,588,591
4712,,2,3,667,672
4713,,2,0,667,669
4714,,0,0,0,0
4715,,0,0,0,0
4716,,2,3,735,740
4717,,2,0,735,737
4718,,2,1,92,95
4719,,2,0,92,94
4720,,1,2,1833,1836
4721,,1,0,1833,1834
4722,,1,0,0,1
4723,,1,0,0,1
4724,,0,0,0,0
4725,,0,0,0,0
4726,,1,2,699,702
4727,,1,0,699,700
4728,,2,2,306,310
4729,,2,0,306,308
4730,,3,5,2724,2732
4731,,3,0,2724,2727
4732,,2,3,1785,1790
4733,,2,0,1785,1787
4734,,3,2,191,196
4735,,3,0,191,194
4736,,0,1,667,668
4737,,0,0,667,667
4738,,1,2,1290,1293
4739,,1,0,1290,1291
4740,,3,4,2135,2142
4741,,3,0,2135,2138
4742,,0,0,0,0
4743,,0,0,0,0
4744,,1,1,29,31
4745,,1,0,29,30
4746,,4,3,1165,1172
4747,,4,0,1165,1169
4748,,0,0,0,0
4749,,0,0,0,0
4750,,2,5,2449,2456
4751,,2,0,2449,2451
4752,,3,6,2224,2233
4753,,3,0,2224,2227
4754,,0,0,0,0
4755,,0,0,0,0
4756,,0,2,1228,1230
4757,,0,0,1228,1228
4758,,2,4,2978,2984
4759,,2,0,2978,2980
4760,,3,4,3055,3062
4761,,3,0,3055,3058
4762,,0,0,0,0
4763,,0,0,0,0
4764,,1,1,67,69
4765,,1,0,67,68
4766,,0,0,0,0
4767,,0,0,0,0
4768,,0,1,497,498
4769,,0,0,497,497
4770,,5,7,3149,3161
4771,,5,0,3149,3154
4772,,0,0,0,0
4773,,0,0,0,0
4774,,4,5,2738,2747
4775,,4,0,2738,2742
4776,,2,1,277,280
4777,,2,0,277,279
4778,,0,0,0,0
4779,,0,0,0,0
4780,,1,1,191,193
4781,,1,0,191,192
4782,,1,0,0,1
4783,,1,0,0,1
4784,,3,3,454,460
4785,,3,0,454,457
4786,,0,0,0,0
4787,,0,0,0,0
4788,,5,8,5048,5061
4789,,5,0,5048,5053
4790,,1,1,46,48
4791,,1,0,46,47
4792,,1,0,0,1
4793,,1,0,0,1
4794,,2,4,3057,3063
4795,,2,0,3057,3059
4796,,1,2,1003,1006
4797,,1,0,1003,1004
4798,,0,0,0,0
4799,,0,0,0,0
4800,,1,3,2407,2411
4801,,1,0,2407,2408
4802,,2,2,1269,1273
4803,,2,0,1269,1271
4804,,0,0,0,0
4805,,0,0,0,0
4806,,3,4,1975,1982
4807,,3,0,1975,1978
4808,,1,0,0,1
4809,,1,0,0,1
4810,,2,5,3118,3125
4811,,2,0,3118,3120
4812,,1,1,67,69
4813,,1,0,67,68
4814,,0,2,2061,2063
4815,,0,0,2061,2061
4816,,2,2,1025,1029
4817,,2,0,1025,1027
4818,,3,4,2817,2824
4819,,3,0,2817,2820
4820,,1,1,191,193
4821,,1,0,191,192
4822,,0,0,0,0
4823,,0,0,0,0
4824,,3,3,2314,2320
4825,,3,0,2314,2317
4826,,1,2,876,879
4827,,1,0,876,877
4828,,1,2,2137,2140
4829,,1,0,2137,2138
4830,,7,10,5639,5656
4831,,7,0,5639,5646
4832,,0,1,497,498
4833,,0,0,497,497
4834,,0,0,0,0
4835,,0,0,0,0
4836,,2,5,2681,2688
4837,,2,0,2681,2683
4838,,0,2,2533,2535
4839,,0,0,2533,2533
4840,,2,3,2323,2328
4841,,2,0,2323,2325
4842,,2,2,191,195
4843,,2,0,191,193
4844,,1,1,379,381
4845,,1,0,379,380
4846,,0,0,0,0
4847,,0,0,0,0
4848,,1,2,1250,1253
4849,,1,0,1250,1251
4850,,1,3,1573,1577
4851,,1,0,1573,1574
4852,,0,0,0,0
4853,,0,0,0,0
4854,,0,0,0,0
4855,,0,0,0,0
4856,,1,0,0,1
4857,,1,0,0,1
4858,,2,1,92,95
4859,,2,0,92,94
4860,,4,8,4146,4158
4861,,4,0,4146,4150
4862,,4,6,1392,1402
4863,,4,0,1392,1396
4864,,1,1,172,174
4865,,1,0,172,173
4866,,0,0,0,0
4867,,0,0,0,0
4868,,0,0,0,0
4869,,0,0,0,0
4870,,1,1,46,48
4871,,1,0,46,47
4872,,4,4,2436,2444
4873,,4,0,2436,2440
4874,,0,0,0,0
4875,,0,0,0,0
4876,,1,2,1633,1636
4877,,1,0,1633,1634
4878,,2,2,191,195
4879,,2,0,191,193
4880,,1,2,1952,1955
4881,,1,0,1952,1953
4882,,0,0,0,0
4883,,0,0,0,0
4884,,2,5,2266,2273
4885,,2,0,2266,2268
4886,,2,1,92,95
4887,,2,0,92,94
4888,,2,2,1161,1165
4889,,2,0,1161,1163
4890,,2,3,588,593
4891,,2,0,588,590
4892,,0,0,0,0
4893,,0,0,0,0
4894,,0,0,0,0
4895,,0,0,0,0
4896,,2,4,1947,1953
4897,,2,0,1947,1949
4898,,0,2,2358,2360
4899,,0,0,2358,2358
4900,,2,5,2644,2651
4901,,2,0,2644,2646
4902,,1,4,3377,3382
4903,,1,0,3377,3378
4904,,1,0,0,1
4905,,1,0,0,1
4906,,2,2,288,292
4907,,2,0,288,290
4908,,1,1,67,69
4909,,1,0,67,68
4910,,1,1,46,48
4911,,1,0,46,47
4912,,1,1,121,123
4913,,1,0,121,122
4914,,6,11,6241,6258
4915,,6,0,6241,6247
4916,,0,0,0,0
4917,,0,0,0,0
4918,,0,0,0,0
4919,,0,0,0,0
4920,,3,4,1985,1992
4921,,3,0,1985,1988
4922,,1,2,1290,1293
4923,,1,0,1290,1291
4924,,0,0,0,0
4925,,0,0,0,0
4926,,0,0,0,0
4927,,0,0,0,0
4928,,2,2,2056,2060
4929,,2,0,2056,2058
4930,,2,5,2806,2813
4931,,2,0,2806,2808
4932,,2,3,735,740
4933,,2,0,735,737
4934,,0,0,0,0
4935,,0,0,0,0
4936,,1,0,0,1
4937,,1,0,0,1
4938,,0,0,0,0
4939,,0,0,0,0
4940,,3,5,3769,3777
4941,,3,0,3769,3772
4942,,2,1,92,95
4943,,2,0,92,94
4944,,1,2,1250,1253
4945,,1,0,1250,1251
4946,,0,0,0,0
4947,,0,0,0,0
4948,,0,0,0,0
4949,,0,0,0,0
4950,,6,13,7600,7619
4951,,6,0,7600,7606
4952,,1,0,0,1
4953,,1,0,0,1
4954,,0,0,0,0
4955,,0,0,0,0
4956,,3,4,2369,2376
4957,,3,0,2369,2372
4958,,0,2,2667,2669
4959,,0,0,2667,2667
4960,,0,2,963,965
4961,,0,0,963,963
4962,,0,0,0,0
4963,,0,0,0,0
4964,,1,2,2137,2140
4965,,1,0,2137,2138
4966,,1,2,405,408
4967,,1,0,405,406
4968,,4,5,2920,2929
4969,,4,0,2920,2924
4970,,3,4,2734,2741
4971,,3,0,2734,2737
4972,,1,2,1003,1006
4973,,1,0,1003,1004
4974,,0,0,0,0
4975,,0,0,0,0
4976,,1,1,121,123
4977,,1,0,121,122
4978,,1,2,876,879
4979,,1,0,876,877
4980,,3,4,2135,2142
4981,,3,0,2135,2138
4982,,0,2,2461,2463
4983,,0,0,2461,2461
4984,,2,1,1541,1544
4985,,2,0,1541,1543
4986,,2,2,191,195
4987,,2,0,191,193
4988,,0,2,1311,1313
4989,,0,0,1311,1311
4990,,1,1,46,48
4991,,1,0,46,47
4992,,1,2,821,824
4993,,1,0,821,822
4994,,2,2,288,292
4995,,2,0,288,290
4996,,0,0,0,0
4997,,0,0,0,0
4998,,4,7,4317,4328
4999,,4,0,4317,4321
5000,,1,2,1082,1085
