Z,best_chain_k,best_chain_bits_sum,best_chain_max_gap,best_chain_popcount_sum,n_chains
1,,,,,0
2,1,2,2,1,1
3,1,2,2,1,1
4,1,3,4,1,1
5,1,3,4,1,1
6,1,3,6,2,3
7,1,3,6,2,3
8,1,4,8,1,1
9,1,4,8,1,1
10,1,4,10,2,3
11,1,4,10,2,3
12,1,4,12,2,5
13,1,4,12,2,5
14,1,4,14,3,3
15,1,4,14,3,3
16,1,5,16,1,1
17,1,5,16,1,1
18,1,5,18,2,7
19,1,5,18,2,7
20,1,5,20,2,8
21,1,5,20,2,8
22,1,5,22,3,3
23,1,5,22,3,3
24,1,5,24,2,5
25,1,5,24,2,5
26,1,5,26,3,3
27,1,5,26,3,3
28,1,5,28,3,8
29,1,5,28,3,8
30,1,5,30,4,18
31,1,5,30,4,18
32,1,6,32,1,1
33,1,6,32,1,1
34,1,6,34,2,3
35,1,6,34,2,3
36,1,6,36,2,12
37,1,6,36,2,12
38,1,6,38,3,3
39,1,6,38,3,3
40,1,6,40,2,12
41,1,6,40,2,12
42,1,6,42,3,23
43,1,6,42,3,23
44,1,6,44,3,8
45,1,6,44,3,8
46,1,6,46,4,3
47,1,6,46,4,3
48,1,6,48,2,5
49,1,6,48,2,5
50,1,6,50,3,14
51,1,6,50,3,14
52,1,6,52,3,8
53,1,6,52,3,8
54,1,6,54,4,23
55,1,6,54,4,23
56,1,6,56,3,23
57,1,6,56,3,23
58,1,6,58,4,3
59,1,6,58,4,3
60,1,6,60,4,23
61,1,6,60,4,23
62,1,6,62,5,3
63,1,6,62,5,3
64,1,7,64,1,1
65,1,7,64,1,1
66,1,7,66,2,23
67,1,7,66,2,23
68,1,7,68,2,8
69,1,7,68,2,8
70,1,7,70,3,36
71,1,7,70,3,36
72,1,7,72,2,34
73,1,7,72,2,34
74,1,7,74,3,3
75,1,7,74,3,3
76,1,7,76,3,8
77,1,7,76,3,8
78,1,7,78,4,23
79,1,7,78,4,23
80,1,7,80,2,12
81,1,7,80,2,12
82,1,7,82,3,3
83,1,7,82,3,3
84,1,7,84,3,34
85,1,7,84,3,34
86,1,7,86,4,3
87,1,7,86,4,3
88,1,7,88,3,30
89,1,7,88,3,30
90,1,7,90,4,71
91,1,7,90,4,71
92,1,7,92,4,8
93,1,7,92,4,8
94,1,7,94,5,3
95,1,7,94,5,3
96,1,7,96,2,5
97,1,7,96,2,5
98,1,7,98,3,25
99,1,7,98,3,25
100,1,7,100,3,19
101,1,7,100,3,19
102,1,7,102,4,23
103,1,7,102,4,23
104,1,7,104,3,30
105,1,7,104,3,30
106,1,7,106,4,3
107,1,7,106,4,3
108,1,7,108,4,49
109,1,7,108,4,49
110,1,7,110,5,60
111,1,7,110,5,60
112,1,7,112,3,23
113,1,7,112,3,23
114,1,7,114,4,23
115,1,7,114,4,23
116,1,7,116,4,8
117,1,7,116,4,8
118,1,7,118,5,3
119,1,7,118,5,3
120,1,7,120,4,45
121,1,7,120,4,45
122,1,7,122,5,3
123,1,7,122,5,3
124,1,7,124,5,8
125,1,7,124,5,8
126,1,7,126,6,82
127,1,7,126,6,82
128,1,8,128,1,1
129,1,8,128,1,1
130,1,8,130,2,60
131,1,8,130,2,60
132,1,8,132,2,68
133,1,8,132,2,68
134,1,8,134,3,3
135,1,8,134,3,3
136,1,8,136,2,30
137,1,8,136,2,30
138,1,8,138,3,23
139,1,8,138,3,23
140,1,8,140,3,41
141,1,8,140,3,41
142,1,8,142,4,3
143,1,8,142,4,3
144,1,8,144,2,42
145,1,8,144,2,42
146,1,8,146,3,3
147,1,8,146,3,3
148,1,8,148,3,8
149,1,8,148,3,8
150,1,8,150,4,80
151,1,8,150,4,80
152,1,8,152,3,30
153,1,8,152,3,30
154,1,8,154,4,81
155,1,8,154,4,81
156,1,8,156,4,79
157,1,8,156,4,79
158,1,8,158,5,3
159,1,8,158,5,3
160,1,8,160,2,12
161,1,8,160,2,12
162,1,8,162,3,60
163,1,8,162,3,60
164,1,8,164,3,8
165,1,8,164,3,8
166,1,8,166,4,3
167,1,8,166,4,3
168,1,8,168,3,56
169,1,8,168,3,56
170,1,8,170,4,60
171,1,8,170,4,60
172,1,8,172,4,8
173,1,8,172,4,8
174,1,8,174,5,23
175,1,8,174,5,23
176,1,8,176,3,57
177,1,8,176,3,57
178,1,8,178,4,3
179,1,8,178,4,3
180,1,8,180,4,127
181,1,8,180,4,127
182,1,8,182,5,104
183,1,8,182,5,104
184,1,8,184,4,30
185,1,8,184,4,30
186,1,8,186,5,23
187,1,8,186,5,23
188,1,8,188,5,8
189,1,8,188,5,8
190,1,8,190,6,60
191,1,8,190,6,60
192,1,8,192,2,5
193,1,8,192,2,5
194,1,8,194,3,3
195,1,8,194,3,3
196,1,8,196,3,30
197,1,8,196,3,30
198,1,8,198,4,116
199,1,8,198,4,116
200,1,8,200,3,41
201,1,8,200,3,41
202,1,8,202,4,3
203,1,8,202,4,3
204,1,8,204,4,79
205,1,8,204,4,79
206,1,8,206,5,3
207,1,8,206,5,3
208,1,8,208,3,80
209,1,8,208,3,80
210,1,8,210,4,194
211,1,8,210,4,194
212,1,8,212,4,8
213,1,8,212,4,8
214,1,8,214,5,3
215,1,8,214,5,3
216,1,8,216,4,71
217,1,8,216,4,71
218,1,8,218,5,3
219,1,8,218,5,3
220,1,8,220,5,75
221,1,8,220,5,75
222,1,8,222,6,23
223,1,8,222,6,23
224,1,8,224,3,23
225,1,8,224,3,23
226,1,8,226,4,3
227,1,8,226,4,3
228,1,8,228,4,79
229,1,8,228,4,79
230,1,8,230,5,60
231,1,8,230,5,60
232,1,8,232,4,30
233,1,8,232,4,30
234,1,8,234,5,139
235,1,8,234,5,139
236,1,8,236,5,8
237,1,8,236,5,8
238,1,8,238,6,117
239,1,8,238,6,117
240,1,8,240,4,122
241,1,8,240,4,122
242,1,8,242,5,59
243,1,8,242,5,59
244,1,8,244,5,8
245,1,8,244,5,8
246,1,8,246,6,23
247,1,8,246,6,23
248,1,8,248,5,30
249,1,8,248,5,30
250,1,8,250,6,60
251,1,8,250,6,60
252,1,8,252,6,138
253,1,8,252,6,138
254,1,8,254,7,3
255,1,8,254,7,3
256,1,9,256,1,1
257,1,9,256,1,1
258,1,9,258,2,23
259,1,9,258,2,23
260,1,9,260,2,98
261,1,9,260,2,98
262,1,9,262,3,3
263,1,9,262,3,3
264,1,9,264,2,90
265,1,9,264,2,90
266,1,9,266,3,117
267,1,9,266,3,117
268,1,9,268,3,8
269,1,9,268,3,8
270,1,9,270,4,223
271,1,9,270,4,223
272,1,9,272,2,122
273,1,9,272,2,122
274,1,9,274,3,3
275,1,9,274,3,3
276,1,9,276,3,79
277,1,9,276,3,79
278,1,9,278,4,3
279,1,9,278,4,3
280,1,9,280,3,63
281,1,9,280,3,63
282,1,9,282,4,23
283,1,9,282,4,23
284,1,9,284,4,8
285,1,9,284,4,8
286,1,9,286,5,138
287,1,9,286,5,138
288,1,9,288,2,42
289,1,9,288,2,42
290,1,9,290,3,60
291,1,9,290,3,60
292,1,9,292,3,8
293,1,9,292,3,8
294,1,9,294,4,137
295,1,9,294,4,137
296,1,9,296,3,30
297,1,9,296,3,30
298,1,9,298,4,3
299,1,9,298,4,3
300,1,9,300,4,196
301,1,9,300,4,196
302,1,9,302,5,3
303,1,9,302,5,3
304,1,9,304,3,122
305,1,9,304,3,122
306,1,9,306,4,197
307,1,9,306,4,197
308,1,9,308,4,86
309,1,9,308,4,86
310,1,9,310,5,60
311,1,9,310,5,60
312,1,9,312,4,113
313,1,9,312,4,113
314,1,9,314,5,3
315,1,9,314,5,3
316,1,9,316,5,8
317,1,9,316,5,8
318,1,9,318,6,23
319,1,9,318,6,23
320,1,9,320,2,12
321,1,9,320,2,12
322,1,9,322,3,117
323,1,9,322,3,117
324,1,9,324,3,116
325,1,9,324,3,116
326,1,9,326,4,3
327,1,9,326,4,3
328,1,9,328,3,30
329,1,9,328,3,30
330,1,9,330,4,242
331,1,9,330,4,242
332,1,9,332,4,8
333,1,9,332,4,8
334,1,9,334,5,3
335,1,9,334,5,3
336,1,9,336,3,148
337,1,9,336,3,148
338,1,9,338,4,82
339,1,9,338,4,82
340,1,9,340,4,156
341,1,9,340,4,156
342,1,9,342,5,214
343,1,9,342,5,214
344,1,9,344,4,30
345,1,9,344,4,30
346,1,9,346,5,3
347,1,9,346,5,3
348,1,9,348,5,79
349,1,9,348,5,79
350,1,9,350,6,174
351,1,9,350,6,174
352,1,9,352,3,57
353,1,9,352,3,57
354,1,9,354,4,23
355,1,9,354,4,23
356,1,9,356,4,8
357,1,9,356,4,8
358,1,9,358,5,3
359,1,9,358,5,3
360,1,9,360,4,188
361,1,9,360,4,188
362,1,9,362,5,3
363,1,9,362,5,3
364,1,9,364,5,109
365,1,9,364,5,109
366,1,9,366,6,23
367,1,9,366,6,23
368,1,9,368,4,122
369,1,9,368,4,122
370,1,9,370,5,60
371,1,9,370,5,60
372,1,9,372,5,79
373,1,9,372,5,79
374,1,9,374,6,196
375,1,9,374,6,196
376,1,9,376,5,30
377,1,9,376,5,30
378,1,9,378,6,328
379,1,9,378,6,328
380,1,9,380,6,191
381,1,9,380,6,191
382,1,9,382,7,3
383,1,9,382,7,3
384,1,9,384,2,5
385,1,9,384,2,5
386,1,9,386,3,3
387,1,9,386,3,3
388,1,9,388,3,8
389,1,9,388,3,8
390,1,9,390,4,265
391,1,9,390,4,265
392,1,9,392,3,52
393,1,9,392,3,52
394,1,9,394,4,3
395,1,9,394,4,3
396,1,9,396,4,172
397,1,9,396,4,172
398,1,9,398,5,3
399,1,9,398,5,3
400,1,9,400,3,133
401,1,9,400,3,133
402,1,9,402,4,23
403,1,9,402,4,23
404,1,9,404,4,8
405,1,9,404,4,8
406,1,9,406,5,117
407,1,9,406,5,117
408,1,9,408,4,171
409,1,9,408,4,171
410,1,9,410,5,60
411,1,9,410,5,60
412,1,9,412,5,8
413,1,9,412,5,8
414,1,9,414,6,214
415,1,9,414,6,214
416,1,9,416,3,80
417,1,9,416,3,80
418,1,9,418,4,231
419,1,9,418,4,231
420,1,9,420,4,409
421,1,9,420,4,409
422,1,9,422,5,3
423,1,9,422,5,3
424,1,9,424,4,30
425,1,9,424,4,30
426,1,9,426,5,23
427,1,9,426,5,23
428,1,9,428,5,8
429,1,9,428,5,8
430,1,9,430,6,60
431,1,9,430,6,60
432,1,9,432,4,163
433,1,9,432,4,163
434,1,9,434,5,117
435,1,9,434,5,117
436,1,9,436,5,8
437,1,9,436,5,8
438,1,9,438,6,23
439,1,9,438,6,23
440,1,9,440,5,97
441,1,9,440,5,97
442,1,9,442,6,219
443,1,9,442,6,219
444,1,9,444,6,79
445,1,9,444,6,79
446,1,9,446,7,3
447,1,9,446,7,3
448,1,9,448,3,23
449,1,9,448,3,23
450,1,9,450,4,377
451,1,9,450,4,377
452,1,9,452,4,8
453,1,9,452,4,8
454,1,9,454,5,3
455,1,9,454,5,3
456,1,9,456,4,206
457,1,9,456,4,206
458,1,9,458,5,3
459,1,9,458,5,3
460,1,9,460,5,210
461,1,9,460,5,210
462,1,9,462,6,404
463,1,9,462,6,404
464,1,9,464,4,122
465,1,9,464,4,122
466,1,9,466,5,3
467,1,9,466,5,3
468,1,9,468,5,195
469,1,9,468,5,195
470,1,9,470,6,60
471,1,9,470,6,60
472,1,9,472,5,30
473,1,9,472,5,30
474,1,9,474,6,23
475,1,9,474,6,23
476,1,9,476,6,167
477,1,9,476,6,167
478,1,9,478,7,3
479,1,9,478,7,3
480,1,9,480,4,122
481,1,9,480,4,122
482,1,9,482,5,3
483,1,9,482,5,3
484,1,9,484,5,64
485,1,9,484,5,64
486,1,9,486,6,214
487,1,9,486,6,214
488,1,9,488,5,30
489,1,9,488,5,30
490,1,9,490,6,174
491,1,9,490,6,174
492,1,9,492,6,79
493,1,9,492,6,79
494,1,9,494,7,254
495,1,9,494,7,254
496,1,9,496,5,122
497,1,9,496,5,122
498,1,9,498,6,23
499,1,9,498,6,23
500,1,9,500,6,210
501,1,9,500,6,210
502,1,9,502,7,3
503,1,9,502,7,3
504,1,9,504,6,304
505,1,9,504,6,304
506,1,9,506,7,291
507,1,9,506,7,291
508,1,9,508,7,8
509,1,9,508,7,8
510,1,9,510,8,323
511,1,9,510,8,323
512,1,10,512,1,1
513,1,10,512,1,1
514,1,10,514,2,3
515,1,10,514,2,3
516,1,10,516,2,79
517,1,10,516,2,79
518,1,10,518,3,117
519,1,10,518,3,117
520,1,10,520,2,120
521,1,10,520,2,120
522,1,10,522,3,214
523,1,10,522,3,214
524,1,10,524,3,8
525,1,10,524,3,8
526,1,10,526,4,3
527,1,10,526,4,3
528,1,10,528,2,182
529,1,10,528,2,182
530,1,10,530,3,60
531,1,10,530,3,60
532,1,10,532,3,202
533,1,10,532,3,202
534,1,10,534,4,23
535,1,10,534,4,23
536,1,10,536,3,30
537,1,10,536,3,30
538,1,10,538,4,3
539,1,10,538,4,3
540,1,10,540,4,424
541,1,10,540,4,424
542,1,10,542,5,3
543,1,10,542,5,3
544,1,10,544,2,138
545,1,10,544,2,138
546,1,10,546,3,427
547,1,10,546,3,427
548,1,10,548,3,8
549,1,10,548,3,8
550,1,10,550,4,348
551,1,10,550,4,348
552,1,10,552,3,288
553,1,10,552,3,288
554,1,10,554,4,3
555,1,10,554,4,3
556,1,10,556,4,8
557,1,10,556,4,8
558,1,10,558,5,214
559,1,10,558,5,214
560,1,10,560,3,155
561,1,10,560,3,155
562,1,10,562,4,3
563,1,10,562,4,3
564,1,10,564,4,79
565,1,10,564,4,79
566,1,10,566,5,3
567,1,10,566,5,3
568,1,10,568,4,30
569,1,10,568,4,30
570,1,10,570,5,358
571,1,10,570,5,358
572,1,10,572,5,143
573,1,10,572,5,143
574,1,10,574,6,117
575,1,10,574,6,117
576,1,10,576,2,42
577,1,10,576,2,42
578,1,10,578,3,140
579,1,10,578,3,140
580,1,10,580,3,210
581,1,10,580,3,210
582,1,10,582,4,23
583,1,10,582,4,23
584,1,10,584,3,30
585,1,10,584,3,30
586,1,10,586,4,3
587,1,10,586,4,3
588,1,10,588,4,312
589,1,10,588,4,312
590,1,10,590,5,60
591,1,10,590,5,60
592,1,10,592,3,122
593,1,10,592,3,122
594,1,10,594,4,502
595,1,10,594,4,502
596,1,10,596,4,8
597,1,10,596,4,8
598,1,10,598,5,336
599,1,10,598,5,336
600,1,10,600,4,428
601,1,10,600,4,428
602,1,10,602,5,116
603,1,10,602,5,116
604,1,10,604,5,7
605,1,10,604,5,7
606,1,10,606,6,22
607,1,10,606,6,22
608,1,10,608,3,172
609,1,10,608,3,172
610,1,10,610,4,59
611,1,10,610,4,59
612,1,10,612,4,252
613,1,10,612,4,252
614,1,10,614,5,2
615,1,10,614,5,2
616,1,10,616,4,107
617,1,10,616,4,107
618,1,10,618,5,22
619,1,10,618,5,22
620,1,10,620,5,209
621,1,10,620,5,209
622,1,10,622,6,2
623,1,10,622,6,2
624,1,10,624,4,204
625,1,10,624,4,204
626,1,10,626,5,2
627,1,10,626,5,2
628,1,10,628,5,7
629,1,10,628,5,7
630,1,10,630,6,701
631,1,10,630,6,701
632,1,10,632,5,29
633,1,10,632,5,29
634,1,10,634,6,2
635,1,10,634,6,2
636,1,10,636,6,78
637,1,10,636,6,78
638,1,10,638,7,290
639,1,10,638,7,290
640,1,10,640,2,11
641,1,10,640,2,11
642,1,10,642,3,22
643,1,10,642,3,22
644,1,10,644,3,283
645,1,10,644,3,283
646,1,10,646,4,311
647,1,10,646,4,311
648,1,10,648,3,347
649,1,10,648,3,347
650,1,10,650,4,439
651,1,10,650,4,439
652,1,10,652,4,7
653,1,10,652,4,7
654,1,10,654,5,22
655,1,10,654,5,22
656,1,10,656,3,121
657,1,10,656,3,121
658,1,10,658,4,116
659,1,10,658,4,116
660,1,10,660,4,442
661,1,10,660,4,442
662,1,10,662,5,2
663,1,10,662,5,2
664,1,10,664,4,29
665,1,10,664,4,29
666,1,10,666,5,213
667,1,10,666,5,213
668,1,10,668,5,7
669,1,10,668,5,7
670,1,10,670,6,59
671,1,10,670,6,59
672,1,10,672,3,237
673,1,10,672,3,237
674,1,10,674,4,2
675,1,10,674,4,2
676,1,10,676,4,86
677,1,10,676,4,86
678,1,10,678,5,22
679,1,10,678,5,22
680,1,10,680,4,177
681,1,10,680,4,177
682,1,10,682,5,290
683,1,10,682,5,290
684,1,10,684,5,287
685,1,10,684,5,287
686,1,10,686,6,116
687,1,10,686,6,116
688,1,10,688,4,121
689,1,10,688,4,121
690,1,10,690,5,439
691,1,10,690,5,439
692,1,10,692,5,7
693,1,10,692,5,7
694,1,10,694,6,2
695,1,10,694,6,2
696,1,10,696,5,310
697,1,10,696,5,310
698,1,10,698,6,2
699,1,10,698,6,2
700,1,10,700,6,532
701,1,10,700,6,532
702,1,10,702,7,618
703,1,10,702,7,618
704,1,10,704,3,56
705,1,10,704,3,56
706,1,10,706,4,2
707,1,10,706,4,2
708,1,10,708,4,78
709,1,10,708,4,78
710,1,10,710,5,59
711,1,10,710,5,59
712,1,10,712,4,29
713,1,10,712,4,29
714,1,10,714,5,484
715,1,10,714,5,484
716,1,10,716,5,7
717,1,10,716,5,7
718,1,10,718,6,2
719,1,10,718,6,2
720,1,10,720,4,279
721,1,10,720,4,279
722,1,10,722,5,174
723,1,10,722,5,174
724,1,10,724,5,7
725,1,10,724,5,7
726,1,10,726,6,310
727,1,10,726,6,310
728,1,10,728,5,130
729,1,10,728,5,130
730,1,10,730,6,59
731,1,10,730,6,59
732,1,10,732,6,78
733,1,10,732,6,78
734,1,10,734,7,2
735,1,10,734,7,2
736,1,10,736,4,254
737,1,10,736,4,254
738,1,10,738,5,213
739,1,10,738,5,213
740,1,10,740,5,209
741,1,10,740,5,209
742,1,10,742,6,116
743,1,10,742,6,116
744,1,10,744,5,310
745,1,10,744,5,310
746,1,10,746,6,2
747,1,10,746,6,2
748,1,10,748,6,200
749,1,10,748,6,200
750,1,10,750,7,486
751,1,10,750,7,486
752,1,10,752,5,121
753,1,10,752,5,121
754,1,10,754,6,407
755,1,10,754,6,407
756,1,10,756,6,700
757,1,10,756,6,700
758,1,10,758,7,2
759,1,10,758,7,2
760,1,10,760,6,212
761,1,10,760,6,212
762,1,10,762,7,22
763,1,10,762,7,22
764,1,10,764,7,7
765,1,10,764,7,7
766,1,10,766,8,2
767,1,10,766,8,2
768,1,10,768,2,4
769,1,10,768,2,4
770,1,10,770,3,461
771,1,10,770,3,461
772,1,10,772,3,7
773,1,10,772,3,7
774,1,10,774,4,213
775,1,10,774,4,213
776,1,10,776,3,29
777,1,10,776,3,29
778,1,10,778,4,2
779,1,10,778,4,2
780,1,10,780,4,465
781,1,10,780,4,465
782,1,10,782,5,393
783,1,10,782,5,393
784,1,10,784,3,143
785,1,10,784,3,143
786,1,10,786,4,22
787,1,10,786,4,22
788,1,10,788,4,7
789,1,10,788,4,7
790,1,10,790,5,59
791,1,10,790,5,59
792,1,10,792,4,403
793,1,10,792,4,403
794,1,10,794,5,2
795,1,10,794,5,2
796,1,10,796,5,7
797,1,10,796,5,7
798,1,10,798,6,519
799,1,10,798,6,519
800,1,10,800,3,312
801,1,10,800,3,312
802,1,10,802,4,2
803,1,10,802,4,2
804,1,10,804,4,78
805,1,10,804,4,78
806,1,10,806,5,407
807,1,10,806,5,407
808,1,10,808,4,29
809,1,10,808,4,29
810,1,10,810,5,728
811,1,10,810,5,728
812,1,10,812,5,408
813,1,10,812,5,408
814,1,10,814,6,290
815,1,10,814,6,290
816,1,10,816,4,262
817,1,10,816,4,262
818,1,10,818,5,2
819,1,10,818,5,2
820,1,10,820,5,209
821,1,10,820,5,209
822,1,10,822,6,22
823,1,10,822,6,22
824,1,10,824,5,29
825,1,10,824,5,29
826,1,10,826,6,116
827,1,10,826,6,116
828,1,10,828,6,369
829,1,10,828,6,369
830,1,10,830,7,59
831,1,10,830,7,59
832,1,10,832,3,79
833,1,10,832,3,79
834,1,10,834,4,22
835,1,10,834,4,22
836,1,10,836,4,235
837,1,10,836,4,235
838,1,10,838,5,2
839,1,10,838,5,2
840,1,10,840,4,660
841,1,10,840,4,660
842,1,10,842,5,2
843,1,10,842,5,2
844,1,10,844,5,7
845,1,10,844,5,7
846,1,10,846,6,213
847,1,10,846,6,213
848,1,10,848,4,121
849,1,10,848,4,121
850,1,10,850,5,497
851,1,10,850,5,497
852,1,10,852,5,78
853,1,10,852,5,78
854,1,10,854,6,116
855,1,10,854,6,116
856,1,10,856,5,29
857,1,10,856,5,29
858,1,10,858,6,715
859,1,10,858,6,715
860,1,10,860,6,209
861,1,10,860,6,209
862,1,10,862,7,2
863,1,10,862,7,2
864,1,10,864,4,393
865,1,10,864,4,393
866,1,10,866,5,2
867,1,10,866,5,2
868,1,10,868,5,408
869,1,10,868,5,408
870,1,10,870,6,592
871,1,10,870,6,592
872,1,10,872,5,29
873,1,10,872,5,29
874,1,10,874,6,428
875,1,10,874,6,428
876,1,10,876,6,78
877,1,10,876,6,78
878,1,10,878,7,2
879,1,10,878,7,2
880,1,10,880,5,188
881,1,10,880,5,188
882,1,10,882,6,538
883,1,10,882,6,538
884,1,10,884,6,223
885,1,10,884,6,223
886,1,10,886,7,2
887,1,10,886,7,2
888,1,10,888,6,310
889,1,10,888,6,310
890,1,10,890,7,59
891,1,10,890,7,59
892,1,10,892,7,7
893,1,10,892,7,7
894,1,10,894,8,22
895,1,10,894,8,22
896,1,10,896,3,22
897,1,10,896,3,22
898,1,10,898,4,2
899,1,10,898,4,2
900,1,10,900,4,724
901,1,10,900,4,724
902,1,10,902,5,290
903,1,10,902,5,290
904,1,10,904,4,29
905,1,10,904,4,29
906,1,10,906,5,22
907,1,10,906,5,22
908,1,10,908,5,7
909,1,10,908,5,7
910,1,10,910,6,578
911,1,10,910,6,578
912,1,10,912,4,297
913,1,10,912,4,297
914,1,10,914,5,2
915,1,10,914,5,2
916,1,10,916,5,7
917,1,10,916,5,7
918,1,10,918,6,702
919,1,10,918,6,702
920,1,10,920,5,294
921,1,10,920,5,294
922,1,10,922,6,2
923,1,10,922,6,2
924,1,10,924,6,746
925,1,10,924,6,746
926,1,10,926,7,2
927,1,10,926,7,2
928,1,10,928,4,407
929,1,10,928,4,407
930,1,10,930,5,621
931,1,10,930,5,621
932,1,10,932,5,7
933,1,10,932,5,7
934,1,10,934,6,2
935,1,10,934,6,2
936,1,10,936,5,426
937,1,10,936,5,426
938,1,10,938,6,116
939,1,10,938,6,116
940,1,10,940,6,209
941,1,10,940,6,209
942,1,10,942,7,22
943,1,10,942,7,22
944,1,10,944,5,121
945,1,10,944,5,121
946,1,10,946,6,290
947,1,10,946,6,290
948,1,10,948,6,78
949,1,10,948,6,78
950,1,10,950,7,532
951,1,10,950,7,532
952,1,10,952,6,188
953,1,10,952,6,188
954,1,10,954,7,213
955,1,10,954,7,213
956,1,10,956,7,7
957,1,10,956,7,7
958,1,10,958,8,2
959,1,10,958,8,2
960,1,10,960,4,121
961,1,10,960,4,121
962,1,10,962,5,407
963,1,10,962,5,407
964,1,10,964,5,7
965,1,10,964,5,7
966,1,10,966,6,601
967,1,10,966,6,601
968,1,10,968,5,85
969,1,10,968,5,85
970,1,10,970,6,59
971,1,10,970,6,59
972,1,10,972,6,467
973,1,10,972,6,467
974,1,10,974,7,2
975,1,10,974,7,2
976,1,10,976,5,121
977,1,10,976,5,121
978,1,10,978,6,22
979,1,10,978,6,22
980,1,10,980,6,610
981,1,10,980,6,610
982,1,10,982,7,2
983,1,10,982,7,2
984,1,10,984,6,310
985,1,10,984,6,310
986,1,10,986,7,546
987,1,10,986,7,546
988,1,10,988,7,258
989,1,10,988,7,258
990,1,10,990,8,1100
991,1,10,990,8,1100
992,1,10,992,5,466
993,1,10,992,5,466
994,1,10,994,6,116
995,1,10,994,6,116
996,1,10,996,6,78
997,1,10,996,6,78
998,1,10,998,7,2
999,1,10,998,7,2
1000,1,10,1000,6,341
1001,1,10,1000,6,341
1002,1,10,1002,7,22
1003,1,10,1002,7,22
1004,1,10,1004,7,7
1005,1,10,1004,7,7
1006,1,10,1006,8,2
1007,1,10,1006,8,2
1008,1,10,1008,6,395
1009,1,10,1008,6,395
1010,1,10,1010,7,59
1011,1,10,1010,7,59
1012,1,10,1012,7,317
1013,1,10,1012,7,317
1014,1,10,1014,8,427
1015,1,10,1014,8,427
1016,1,10,1016,7,29
1017,1,10,1016,7,29
1018,1,10,1018,8,2
1019,1,10,1018,8,2
1020,1,10,1020,8,523
1021,1,10,1020,8,523
1022,1,10,1022,9,116
1023,1,10,1022,9,116
1024,,,,,0
1025,,,,,0
1026,1,11,1026,2,737
1027,1,11,1026,2,737
1028,1,11,1028,2,7
1029,1,11,1028,2,7
1030,1,11,1030,3,59
1031,1,11,1030,3,59
1032,1,11,1032,2,310
1033,1,11,1032,2,310
1034,1,11,1034,3,290
1035,1,11,1034,3,290
1036,1,11,1036,3,408
1037,1,11,1036,3,408
1038,1,11,1038,4,22
1039,1,11,1038,4,22
1040,1,11,1040,2,211
1041,1,11,1040,2,211
1042,1,11,1042,3,2
1043,1,11,1042,3,2
1044,1,11,1044,3,522
1045,1,11,1044,3,522
1046,1,11,1046,4,2
1047,1,11,1046,4,2
1048,1,11,1048,3,29
1049,1,11,1048,3,29
1050,1,11,1050,4,1247
1051,1,11,1050,4,1247
1052,1,11,1052,4,7
1053,1,11,1052,4,7
1054,1,11,1054,5,605
1055,1,11,1054,5,605
1056,1,11,1056,2,557
1057,1,11,1056,2,557
1058,1,11,1058,3,256
1059,1,11,1058,3,256
1060,1,11,1060,3,209
1061,1,11,1060,3,209
1062,1,11,1062,4,213
1063,1,11,1062,4,213
1064,1,11,1064,3,223
1065,1,11,1064,3,223
1066,1,11,1066,4,407
1067,1,11,1066,4,407
1068,1,11,1068,4,78
1069,1,11,1068,4,78
1070,1,11,1070,5,59
1071,1,11,1070,5,59
1072,1,11,1072,3,121
1073,1,11,1072,3,121
1074,1,11,1074,4,22
1075,1,11,1074,4,22
1076,1,11,1076,4,7
1077,1,11,1076,4,7
1078,1,11,1078,5,404
1079,1,11,1078,5,404
1080,1,11,1080,4,816
1081,1,11,1080,4,816
1082,1,11,1082,5,2
1083,1,11,1082,5,2
1084,1,11,1084,5,7
1085,1,11,1084,5,7
1086,1,11,1086,6,22
1087,1,11,1086,6,22
1088,1,11,1088,2,137
1089,1,11,1088,2,137
1090,1,11,1090,3,59
1091,1,11,1090,3,59
1092,1,11,1092,3,769
1093,1,11,1092,3,769
1094,1,11,1094,4,2
1095,1,11,1094,4,2
1096,1,11,1096,3,29
1097,1,11,1096,3,29
1098,1,11,1098,4,213
1099,1,11,1098,4,213
1100,1,11,1100,4,566
1101,1,11,1100,4,566
1102,1,11,1102,5,581
1103,1,11,1102,5,581
1104,1,11,1104,3,379
1105,1,11,1104,3,379
1106,1,11,1106,4,116
1107,1,11,1106,4,116
1108,1,11,1108,4,7
1109,1,11,1108,4,7
1110,1,11,1110,5,621
1111,1,11,1110,5,621
1112,1,11,1112,4,29
1113,1,11,1112,4,29
1114,1,11,1114,5,2
1115,1,11,1114,5,2
1116,1,11,1116,5,581
1117,1,11,1116,5,581
1118,1,11,1118,6,407
1119,1,11,1118,6,407
1120,1,11,1120,3,530
1121,1,11,1120,3,530
1122,1,11,1122,4,976
1123,1,11,1122,4,976
1124,1,11,1124,4,7
1125,1,11,1124,4,7
1126,1,11,1126,5,2
1127,1,11,1126,5,2
1128,1,11,1128,4,310
1129,1,11,1128,4,310
1130,1,11,1130,5,59
1131,1,11,1130,5,59
1132,1,11,1132,5,7
1133,1,11,1132,5,7
1134,1,11,1134,6,890
1135,1,11,1134,6,890
1136,1,11,1136,4,121
1137,1,11,1136,4,121
1138,1,11,1138,5,2
1139,1,11,1138,5,2
1140,1,11,1140,5,558
1141,1,11,1140,5,558
1142,1,11,1142,6,2
1143,1,11,1142,6,2
1144,1,11,1144,5,164
1145,1,11,1144,5,164
1146,1,11,1146,6,22
1147,1,11,1146,6,22
1148,1,11,1148,6,408
1149,1,11,1148,6,408
1150,1,11,1150,7,614
1151,1,11,1150,7,614
1152,1,11,1152,2,41
1153,1,11,1152,2,41
1154,1,11,1154,3,2
1155,1,11,1154,3,2
1156,1,11,1156,3,144
1157,1,11,1156,3,144
1158,1,11,1158,4,22
1159,1,11,1158,4,22
1160,1,11,1160,3,447
1161,1,11,1160,3,447
1162,1,11,1162,4,116
1163,1,11,1162,4,116
1164,1,11,1164,4,78
1165,1,11,1164,4,78
1166,1,11,1166,5,290
1167,1,11,1166,5,290
1168,1,11,1168,3,121
1169,1,11,1168,3,121
1170,1,11,1170,4,1217
1171,1,11,1170,4,1217
1172,1,11,1172,4,7
1173,1,11,1172,4,7
1174,1,11,1174,5,2
1175,1,11,1174,5,2
1176,1,11,1176,4,543
1177,1,11,1176,4,543
1178,1,11,1178,5,640
1179,1,11,1178,5,640
1180,1,11,1180,5,209
1181,1,11,1180,5,209
1182,1,11,1182,6,22
1183,1,11,1182,6,22
1184,1,11,1184,3,497
1185,1,11,1184,3,497
1186,1,11,1186,4,2
1187,1,11,1186,4,2
1188,1,11,1188,4,1052
1189,1,11,1188,4,1052
1190,1,11,1190,5,872
1191,1,11,1190,5,872
1192,1,11,1192,4,29
1193,1,11,1192,4,29
1194,1,11,1194,5,22
1195,1,11,1194,5,22
1196,1,11,1196,5,340
1197,1,11,1196,5,340
1198,1,11,1198,6,2
1199,1,11,1198,6,2
1200,1,11,1200,4,543
1201,1,11,1200,4,543
1202,,,,,0
1203,,,,,0
1204,1,11,1204,5,408
1205,1,11,1204,5,408
1206,1,11,1206,6,211
1207,1,11,1206,6,211
1208,1,11,1208,5,29
1209,1,11,1208,5,29
1210,1,11,1210,6,345
1211,1,11,1210,6,345
1212,1,11,1212,6,78
1213,1,11,1212,6,78
1214,,,,,0
1215,,,,,0
1216,1,11,1216,3,172
1217,1,11,1216,3,172
1218,1,11,1218,4,752
1219,1,11,1218,4,752
1220,1,11,1220,4,209
1221,1,11,1220,4,209
1222,1,11,1222,5,405
1223,1,11,1222,5,405
1224,1,11,1224,4,484
1225,1,11,1224,4,484
1226,,,,,0
1227,,,,,0
1228,1,11,1228,5,7
1229,1,11,1228,5,7
1230,1,11,1230,6,619
1231,1,11,1230,6,619
1232,1,11,1232,4,199
1233,1,11,1232,4,199
1234,,,,,0
1235,,,,,0
1236,1,11,1236,5,78
1237,1,11,1236,5,78
1238,,,,,0
1239,,,,,0
1240,1,11,1240,5,506
1241,1,11,1240,5,506
1242,1,11,1242,6,817
1243,1,11,1242,6,817
1244,1,11,1244,6,7
1245,1,11,1244,6,7
1246,1,11,1246,7,114
1247,1,11,1246,7,114
1248,1,11,1248,4,580
1249,1,11,1248,4,580
1250,1,11,1250,5,358
1251,1,11,1250,5,358
1252,1,11,1252,5,7
1253,1,11,1252,5,7
1254,1,11,1254,6,1009
1255,1,11,1254,6,1009
1256,1,11,1256,5,29
1257,1,11,1256,5,29
1258,1,11,1258,6,699
1259,1,11,1258,6,699
1260,1,11,1260,6,1631
1261,1,11,1260,6,1631
1262,,,,,0
1263,,,,,0
1264,1,11,1264,5,121
1265,1,11,1264,5,121
1266,1,11,1266,6,20
1267,1,11,1266,6,20
1268,1,11,1268,6,7
1269,1,11,1268,6,7
1270,1,11,1270,7,57
1271,1,11,1270,7,57
1272,1,11,1272,6,310
1273,1,11,1272,6,310
1274,1,11,1274,7,519
1275,1,11,1274,7,519
1276,1,11,1276,7,470
1277,1,11,1276,7,470
1278,1,11,1278,8,211
1279,1,11,1278,8,211
1280,1,11,1280,2,11
1281,1,11,1280,2,11
1282,,,,,0
1283,,,,,0
1284,1,11,1284,3,78
1285,1,11,1284,3,78
1286,,,,,0
1287,,,,,0
1288,1,11,1288,3,305
1289,1,11,1288,3,305
1290,1,11,1290,4,619
1291,1,11,1290,4,619
1292,1,11,1292,4,316
1293,1,11,1292,4,316
1294,,,,,0
1295,,,,,0
1296,1,11,1296,3,514
1297,1,11,1296,3,514
1298,1,11,1298,4,288
1299,1,11,1298,4,288
1300,1,11,1300,4,589
1301,1,11,1300,4,589
1302,1,11,1302,5,811
1303,1,11,1302,5,811
1304,1,11,1304,4,29
1305,1,11,1304,4,29
1306,,,,,0
1307,,,,,0
1308,1,11,1308,5,78
1309,1,11,1308,5,78
1310,1,11,1310,6,57
1311,1,11,1310,6,57
1312,1,11,1312,3,497
1313,1,11,1312,3,497
1314,1,11,1314,4,211
1315,1,11,1314,4,211
1316,1,11,1316,4,408
1317,1,11,1316,4,408
1318,,,,,0
1319,,,,,0
1320,1,11,1320,4,1012
1321,1,11,1320,4,1012
1322,,,,,0
1323,,,,,0
1324,1,11,1324,5,7
1325,1,11,1324,5,7
1326,1,11,1326,6,1124
1327,1,11,1326,6,1124
1328,1,11,1328,4,121
1329,1,11,1328,4,121
1330,1,11,1330,5,939
1331,1,11,1330,5,939
1332,1,11,1332,5,746
1333,1,11,1332,5,746
1334,1,11,1334,6,661
1335,1,11,1334,6,661
1336,1,11,1336,5,29
1337,1,11,1336,5,29
1338,1,11,1338,6,20
1339,1,11,1338,6,20
1340,1,11,1340,6,209
1341,1,11,1340,6,209
1342,1,11,1342,7,288
1343,1,11,1342,7,288
1344,1,11,1344,3,237
1345,1,11,1344,3,237
1346,,,,,0
1347,,,,,0
1348,1,11,1348,4,7
1349,1,11,1348,4,7
1350,1,11,1350,5,1463
1351,1,11,1350,5,1463
1352,1,11,1352,4,108
1353,1,11,1352,4,108
1354,,,,,0
1355,,,,,0
1356,1,11,1356,5,78
1357,1,11,1356,5,78
1358,1,11,1358,6,114
1359,1,11,1358,6,114
1360,1,11,1360,4,269
1361,1,11,1360,4,269
1362,1,11,1362,5,20
1363,1,11,1362,5,20
1364,1,11,1364,5,529
1365,1,11,1364,5,529
1366,,,,,0
1367,,,,,0
1368,1,11,1368,5,519
1369,1,11,1368,5,519
1370,1,11,1370,6,57
1371,1,11,1370,6,57
1372,1,11,1372,6,408
1373,1,11,1372,6,408
1374,1,11,1374,7,20
1375,1,11,1374,7,20
1376,1,11,1376,4,497
1377,1,11,1376,4,497
1378,1,11,1378,5,405
1379,1,11,1378,5,405
1380,1,11,1380,5,640
1381,1,11,1380,5,640
1382,,,,,0
1383,,,,,0
1384,1,11,1384,5,29
1385,1,11,1384,5,29
1386,1,11,1386,6,1353
1387,1,11,1386,6,1353
1388,1,11,1388,6,7
1389,1,11,1388,6,7
1390,1,11,1390,7,57
1391,1,11,1390,7,57
1392,1,11,1392,5,532
1393,1,11,1392,5,532
1394,1,11,1394,6,699
1395,1,11,1394,6,699
1396,1,11,1396,6,7
1397,1,11,1396,6,7
1398,1,11,1398,7,20
1399,1,11,1398,7,20
1400,1,11,1400,6,959
1401,1,11,1400,6,959
1402,,,,,0
1403,,,,,0
1404,1,11,1404,7,1177
1405,1,11,1404,7,1177
1406,1,11,1406,8,839
1407,1,11,1406,8,839
1408,1,11,1408,3,56
1409,1,11,1408,3,56
1410,1,11,1410,4,619
1411,1,11,1410,4,619
1412,1,11,1412,4,7
1413,1,11,1412,4,7
1414,1,11,1414,5,114
1415,1,11,1414,5,114
1416,1,11,1416,4,310
1417,1,11,1416,4,310
1418,,,,,0
1419,,,,,0
1420,1,11,1420,5,209
1421,1,11,1420,5,209
1422,1,11,1422,6,211
1423,1,11,1422,6,211
1424,1,11,1424,4,121
1425,1,11,1424,4,121
1426,1,11,1426,5,720
1427,1,11,1426,5,720
1428,1,11,1428,5,827
1429,1,11,1428,5,827
1430,1,11,1430,6,750
1431,1,11,1430,6,750
1432,1,11,1432,5,29
1433,1,11,1432,5,29
1434,1,11,1434,6,20
1435,1,11,1434,6,20
1436,1,11,1436,6,7
1437,1,11,1436,6,7
1438,,,,,0
1439,,,,,0
1440,1,11,1440,4,655
1441,1,11,1440,4,655
1442,1,11,1442,5,114
1443,1,11,1442,5,114
1444,1,11,1444,5,179
1445,1,11,1444,5,179
1446,1,11,1446,6,20
1447,1,11,1446,6,20
1448,1,11,1448,5,29
1449,1,11,1448,5,29
1450,1,11,1450,6,765
1451,1,11,1450,6,765
1452,1,11,1452,6,663
1453,1,11,1452,6,663
1454,,,,,0
1455,,,,,0
1456,1,11,1456,5,222
1457,1,11,1456,5,222
1458,1,11,1458,6,563
1459,1,11,1458,6,563
1460,1,11,1460,6,209
1461,1,11,1460,6,209
1462,1,11,1462,7,699
1463,1,11,1462,7,699
1464,1,11,1464,6,310
1465,1,11,1464,6,310
1466,,,,,0
1467,,,,,0
1468,1,11,1468,7,7
1469,1,11,1468,7,7
1470,1,11,1470,8,1540
1471,1,11,1470,8,1540
1472,1,11,1472,4,254
1473,1,11,1472,4,254
1474,1,11,1474,5,288
1475,1,11,1474,5,288
1476,1,11,1476,5,746
1477,1,11,1476,5,746
1478,,,,,0
1479,,,,,0
1480,1,11,1480,5,707
1481,1,11,1480,5,707
1482,1,11,1482,6,1301
1483,1,11,1482,6,1301
1484,1,11,1484,6,408
1485,1,11,1484,6,408
1486,,,,,0
1487,,,,,0
1488,1,11,1488,5,591
1489,1,11,1488,5,591
1490,1,11,1490,6,57
1491,1,11,1490,6,57
1492,1,11,1492,6,7
1493,1,11,1492,6,7
1494,1,11,1494,7,211
1495,1,11,1494,7,211
1496,1,11,1496,6,222
1497,1,11,1496,6,222
1498,1,11,1498,7,114
1499,1,11,1498,7,114
1500,1,11,1500,7,687
1501,1,11,1500,7,687
1502,,,,,0
1503,,,,,0
1504,1,11,1504,5,497
1505,1,11,1504,5,497
1506,1,11,1506,6,20
1507,1,11,1506,6,20
1508,1,11,1508,6,493
1509,1,11,1508,6,493
1510,1,11,1510,7,57
1511,1,11,1510,7,57
1512,1,11,1512,6,932
1513,1,11,1512,6,932
1514,,,,,0
1515,,,,,0
1516,1,11,1516,7,7
1517,1,11,1516,7,7
1518,1,11,1518,8,1091
1519,1,11,1518,8,1091
1520,1,11,1520,6,304
1521,1,11,1520,6,304
1522,,,,,0
1523,,,,,0
1524,1,11,1524,7,78
1525,1,11,1524,7,78
1526,1,11,1526,8,114
1527,1,11,1526,8,114
1528,1,11,1528,7,29
1529,1,11,1528,7,29
1530,1,11,1530,8,1509
1531,1,11,1530,8,1509
1532,1,11,1532,8,7
1533,1,11,1532,8,7
1534,1,11,1534,9,405
1535,1,11,1534,9,405
1536,1,11,1536,2,4
1537,1,11,1536,2,4
1538,,,,,0
1539,,,,,0
1540,1,11,1540,3,1262
1541,1,11,1540,3,1262
1542,1,11,1542,4,20
1543,1,11,1542,4,20
1544,1,11,1544,3,29
1545,1,11,1544,3,29
1546,,,,,0
1547,,,,,0
1548,1,11,1548,4,746
1549,1,11,1548,4,746
1550,1,11,1550,5,824
1551,1,11,1550,5,824
1552,1,11,1552,3,121
1553,1,11,1552,3,121
1554,1,11,1554,4,1012
1555,1,11,1554,4,1012
1556,1,11,1556,4,7
1557,1,11,1556,4,7
1558,1,11,1558,5,876
1559,1,11,1558,5,876
1560,1,11,1560,4,1248
1561,1,11,1560,4,1248
1562,1,11,1562,5,288
1563,1,11,1562,5,288
1564,1,11,1564,5,398
1565,1,11,1564,5,398
1566,1,11,1566,6,970
1567,1,11,1566,6,970
1568,1,11,1568,3,519
1569,1,11,1568,3,519
1570,1,11,1570,4,57
1571,1,11,1570,4,57
1572,1,11,1572,4,78
1573,1,11,1572,4,78
1574,,,,,0
1575,,,,,0
1576,1,11,1576,4,29
1577,1,11,1576,4,29
1578,1,11,1578,5,20
1579,1,11,1578,5,20
1580,1,11,1580,5,209
1581,1,11,1580,5,209
1582,1,11,1582,6,114
1583,1,11,1582,6,114
1584,1,11,1584,4,747
1585,1,11,1584,4,747
1586,1,11,1586,5,405
1587,1,11,1586,5,405
1588,1,11,1588,5,7
1589,1,11,1588,5,7
1590,1,11,1590,6,619
1591,1,11,1590,6,619
1592,1,11,1592,5,29
1593,1,11,1592,5,29
1594,,,,,0
1595,,,,,0
1596,1,11,1596,6,862
1597,1,11,1596,6,862
1598,1,11,1598,7,699
1599,1,11,1598,7,699
1600,1,11,1600,3,312
1601,1,11,1600,3,312
1602,1,11,1602,4,211
1603,1,11,1602,4,211
1604,1,11,1604,4,7
1605,1,11,1604,4,7
1606,1,11,1606,5,288
1607,1,11,1606,5,288
1608,1,11,1608,4,310
1609,1,11,1608,4,310
1610,1,11,1610,5,1021
1611,1,11,1610,5,1021
1612,1,11,1612,5,552
1613,1,11,1612,5,552
1614,1,11,1614,6,20
1615,1,11,1614,6,20
1616,1,11,1616,4,121
1617,1,11,1616,4,121
1618,,,,,0
1619,,,,,0
1620,1,11,1620,5,1406
1621,1,11,1620,5,1406
1622,,,,,0
1623,,,,,0
1624,1,11,1624,5,458
1625,1,11,1624,5,458
1626,1,11,1626,6,20
1627,1,11,1626,6,20
1628,1,11,1628,6,730
1629,1,11,1628,6,730
1630,1,11,1630,7,57
1631,1,11,1630,7,57
1632,1,11,1632,4,638
1633,1,11,1632,4,638
1634,1,11,1634,5,876
1635,1,11,1634,5,876
1636,1,11,1636,5,7
1637,1,11,1636,5,7
1638,1,11,1638,6,1683
1639,1,11,1638,6,1683
1640,1,11,1640,5,821
1641,1,11,1640,5,821
1642,,,,,0
1643,,,,,0
1644,1,11,1644,6,78
1645,1,11,1644,6,78
1646,,,,,0
1647,,,,,0
1648,1,11,1648,5,121
1649,1,11,1648,5,121
1650,1,11,1650,6,1737
1651,1,11,1650,6,1737
1652,1,11,1652,6,408
1653,1,11,1652,6,408
1654,,,,,0
1655,,,,,0
1656,1,11,1656,6,601
1657,1,11,1656,6,601
1658,,,,,0
1659,,,,,0
1660,1,11,1660,7,209
1661,1,11,1660,7,209
1662,1,11,1662,8,20
1663,1,11,1662,8,20
1664,1,11,1664,3,79
1665,1,11,1664,3,79
1666,1,11,1666,4,813
1667,1,11,1666,4,813
1668,1,11,1668,4,78
1669,1,11,1668,4,78
1670,1,11,1670,5,57
1671,1,11,1670,5,57
1672,1,11,1672,4,257
1673,1,11,1672,4,257
1674,1,11,1674,5,1029
1675,1,11,1674,5,1029
1676,1,11,1676,5,7
1677,1,11,1676,5,7
1678,,,,,0
1679,,,,,0
1680,1,11,1680,4,1071
1681,1,11,1680,4,1071
1682,1,11,1682,5,407
1683,1,11,1682,5,407
1684,1,11,1684,5,7
1685,1,11,1684,5,7
1686,1,11,1686,6,20
1687,1,11,1686,6,20
1688,1,11,1688,5,29
1689,1,11,1688,5,29
1690,1,11,1690,6,462
1691,1,11,1690,6,462
1692,1,11,1692,6,746
1693,1,11,1692,6,746
1694,1,11,1694,7,402
1695,1,11,1694,7,402
1696,1,11,1696,4,497
1697,1,11,1696,4,497
1698,1,11,1698,5,20
1699,1,11,1698,5,20
1700,1,11,1700,5,647
1701,1,11,1700,5,647
1702,1,11,1702,6,921
1703,1,11,1702,6,921
1704,1,11,1704,5,310
1705,1,11,1704,5,310
1706,,,,,0
1707,,,,,0
1708,1,11,1708,6,408
1709,1,11,1708,6,408
1710,1,11,1710,7,1686
1711,1,11,1710,7,1686
1712,1,11,1712,5,121
1713,1,11,1712,5,121
1714,,,,,0
1715,,,,,0
1716,1,11,1716,6,1484
1717,1,11,1716,6,1484
1718,,,,,0
1719,,,,,0
1720,1,11,1720,6,821
1721,1,11,1720,6,821
1722,1,11,1722,7,1166
1723,1,11,1722,7,1166
1724,1,11,1724,7,7
1725,1,11,1724,7,7
1726,,,,,0
1727,,,,,0
1728,1,11,1728,4,393
1729,1,11,1728,4,393
1730,1,11,1730,5,57
1731,1,11,1730,5,57
1732,1,11,1732,5,7
1733,1,11,1732,5,7
1734,1,11,1734,6,719
1735,1,11,1734,6,719
1736,1,11,1736,5,517
1737,1,11,1736,5,517
1738,1,11,1738,6,288
1739,1,11,1738,6,288
1740,1,11,1740,6,793
1741,1,11,1740,6,793
1742,1,11,1742,7,405
1743,1,11,1742,7,405
1744,1,11,1744,5,121
1745,1,11,1744,5,121
1746,1,11,1746,6,211
1747,1,11,1746,6,211
1748,1,11,1748,6,433
1749,1,11,1748,6,433
1750,1,11,1750,7,1068
1751,1,11,1750,7,1068
1752,1,11,1752,6,310
1753,1,11,1752,6,310
1754,,,,,0
1755,,,,,0
1756,1,11,1756,7,7
1757,1,11,1756,7,7
1758,1,11,1758,8,20
1759,1,11,1758,8,20
1760,1,11,1760,5,564
1761,1,11,1760,5,564
1762,,,,,0
1763,,,,,0
1764,1,11,1764,6,1358
1765,1,11,1764,6,1358
1766,,,,,0
1767,,,,,0
1768,1,11,1768,6,245
1769,1,11,1768,6,245
1770,1,11,1770,7,619
1771,1,11,1770,7,619
1772,1,11,1772,7,7
1773,1,11,1772,7,7
1774,,,,,0
1775,,,,,0
1776,1,11,1776,6,792
1777,1,11,1776,6,792
1778,1,11,1778,7,114
1779,1,11,1778,7,114
1780,1,11,1780,7,209
1781,1,11,1780,7,209
1782,1,11,1782,8,1380
1783,1,11,1782,8,1380
1784,1,11,1784,7,29
1785,1,11,1784,7,29
1786,1,11,1786,8,876
1787,1,11,1786,8,876
1788,1,11,1788,8,78
1789,1,11,1788,8,78
1790,1,11,1790,9,57
1791,1,11,1790,9,57
1792,1,11,1792,3,22
1793,1,11,1792,3,22
1794,1,11,1794,4,1421
1795,1,11,1794,4,1421
1796,1,11,1796,4,7
1797,1,11,1796,4,7
1798,1,11,1798,5,873
1799,1,11,1798,5,873
1800,1,11,1800,4,1542
1801,1,11,1800,4,1542
1802,1,11,1802,5,699
1803,1,11,1802,5,699
1804,1,11,1804,5,884
1805,1,11,1804,5,884
1806,1,11,1806,6,1203
1807,1,11,1806,6,1203
1808,1,11,1808,4,121
1809,1,11,1808,4,121
1810,1,11,1810,5,57
1811,1,11,1810,5,57
1812,1,11,1812,5,74
1813,1,11,1812,5,74
1814,,,,,0
1815,,,,,0
1816,1,11,1816,5,29
1817,1,11,1816,5,29
1818,1,11,1818,6,207
1819,1,11,1818,6,207
1820,1,11,1820,6,1285
1821,1,11,1820,6,1285
1822,,,,,0
1823,,,,,0
1824,1,11,1824,4,669
1825,1,11,1824,4,669
1826,1,11,1826,5,288
1827,1,11,1826,5,288
1828,1,11,1828,5,7
1829,1,11,1828,5,7
1830,1,11,1830,6,615
1831,1,11,1830,6,615
1832,1,11,1832,5,29
1833,1,11,1832,5,29
1834,1,11,1834,6,114
1835,1,11,1834,6,114
1836,1,11,1836,6,1231
1837,1,11,1836,6,1231
1838,,,,,0
1839,,,,,0
1840,1,11,1840,5,386
1841,1,11,1840,5,386
1842,1,11,1842,6,16
1843,1,11,1842,6,16
1844,1,11,1844,6,7
1845,1,11,1844,6,7
1846,1,11,1846,7,405
1847,1,11,1846,7,405
1848,1,11,1848,6,1124
1849,1,11,1848,6,1124
1850,1,11,1850,7,1025
1851,1,11,1850,7,1025
1852,1,11,1852,7,7
1853,1,11,1852,7,7
1854,1,11,1854,8,207
1855,1,11,1854,8,207
1856,1,11,1856,4,407
1857,1,11,1856,4,407
1858,,,,,0
1859,,,,,0
1860,1,11,1860,5,848
1861,1,11,1860,5,848
1862,1,11,1862,6,990
1863,1,11,1862,6,990
1864,1,11,1864,5,29
1865,1,11,1864,5,29
1866,1,11,1866,6,16
1867,1,11,1866,6,16
1868,1,11,1868,6,7
1869,1,11,1868,6,7
1870,1,11,1870,7,1044
1871,1,11,1870,7,1044
1872,1,11,1872,5,979
1873,1,11,1872,5,979
1874,,,,,0
1875,,,,,0
1876,1,11,1876,6,408
1877,1,11,1876,6,408
1878,1,11,1878,7,16
1879,1,11,1878,7,16
1880,1,11,1880,6,821
1881,1,11,1880,6,821
1882,,,,,0
1883,,,,,0
1884,1,11,1884,7,74
1885,1,11,1884,7,74
1886,1,11,1886,8,1075
1887,1,11,1886,8,1075
1888,1,11,1888,5,497
1889,1,11,1888,5,497
1890,1,11,1890,6,2941
1891,1,11,1890,6,2941
1892,1,11,1892,6,967
1893,1,11,1892,6,967
1894,,,,,0
1895,,,,,0
1896,1,11,1896,6,306
1897,1,11,1896,6,306
1898,1,11,1898,7,405
1899,1,11,1898,7,405
1900,1,11,1900,7,682
1901,1,11,1900,7,682
1902,1,11,1902,8,16
1903,1,11,1902,8,16
1904,1,11,1904,6,280
1905,1,11,1904,6,280
1906,,,,,0
1907,,,,,0
1908,1,11,1908,7,742
1909,1,11,1908,7,742
1910,1,11,1910,8,57
1911,1,11,1910,8,57
1912,1,11,1912,7,29
1913,1,11,1912,7,29
1914,1,11,1914,8,1240
1915,1,11,1914,8,1240
1916,1,11,1916,8,7
1917,1,11,1916,8,7
1918,1,11,1918,9,114
1919,1,11,1918,9,114
1920,1,11,1920,4,117
1921,1,11,1920,4,117
1922,1,11,1922,5,466
1923,1,11,1922,5,466
1924,1,11,1924,5,753
1925,1,11,1924,5,753
1926,1,11,1926,6,207
1927,1,11,1926,6,207
1928,1,11,1928,5,29
1929,1,11,1928,5,29
1930,1,11,1930,6,57
1931,1,11,1930,6,57
1932,1,11,1932,6,940
1933,1,11,1932,6,940
1934,,,,,0
1935,,,,,0
1936,1,11,1936,5,177
1937,1,11,1936,5,177
1938,1,11,1938,6,1591
1939,1,11,1938,6,1591
1940,1,11,1940,6,209
1941,1,11,1940,6,209
1942,,,,,0
1943,,,,,0
1944,1,11,1944,6,695
1945,1,11,1944,6,695
1946,1,11,1946,7,114
1947,1,11,1946,7,114
1948,1,11,1948,7,7
1949,1,11,1948,7,7
1950,1,11,1950,8,2063
1951,1,11,1950,8,2063
1952,1,11,1952,5,497
1953,1,11,1952,5,497
1954,,,,,0
1955,,,,,0
1956,1,11,1956,6,74
1957,1,11,1956,6,74
1958,1,11,1958,7,288
1959,1,11,1958,7,288
1960,1,11,1960,6,1439
1961,1,11,1960,6,1439
1962,1,11,1962,7,207
1963,1,11,1962,7,207
1964,1,11,1964,7,7
1965,1,11,1964,7,7
1966,,,,,0
1967,,,,,0
1968,1,11,1968,6,942
1969,1,11,1968,6,942
1970,1,11,1970,7,57
1971,1,11,1970,7,57
1972,1,11,1972,7,551
1973,1,11,1972,7,551
1974,1,11,1974,8,1203
1975,1,11,1974,8,1203
1976,1,11,1976,7,280
1977,1,11,1976,7,280
1978,1,11,1978,8,1158
1979,1,11,1978,8,1158
1980,1,11,1980,8,2582
1981,1,11,1980,8,2582
1982,,,,,0
1983,,,,,0
1984,1,11,1984,5,466
1985,1,11,1984,5,466
1986,1,11,1986,6,16
1987,1,11,1986,6,16
1988,1,11,1988,6,408
1989,1,11,1988,6,408
1990,1,11,1990,7,57
1991,1,11,1990,7,57
1992,1,11,1992,6,306
1993,1,11,1992,6,306
1994,,,,,0
1995,,,,,0
1996,1,11,1996,7,7
1997,1,11,1996,7,7
1998,1,11,1998,8,1226
1999,1,11,1998,8,1226
2000,1,11,2000,6,433
2001,1,11,2000,6,433
2002,1,11,2002,7,807
2003,1,11,2002,7,807
2004,1,11,2004,7,74
2005,1,11,2004,7,74
2006,1,11,2006,8,699
2007,1,11,2006,8,699
2008,1,11,2008,7,29
2009,1,11,2008,7,29
2010,1,11,2010,8,615
2011,1,11,2010,8,615
2012,1,11,2012,8,7
2013,1,11,2012,8,7
2014,1,11,2014,9,876
2015,1,11,2014,9,876
2016,1,11,2016,6,767
2017,1,11,2016,6,767
2018,,,,,0
2019,,,,,0
2020,1,11,2020,7,209
2021,1,11,2020,7,209
2022,1,11,2022,8,16
2023,1,11,2022,8,16
2024,1,11,2024,7,339
2025,1,11,2024,7,339
2026,,,,,0
2027,,,,,0
2028,1,11,2028,8,895
2029,1,11,2028,8,895
2030,1,11,2030,9,1174
2031,1,11,2030,9,1174
2032,1,11,2032,7,121
2033,1,11,2032,7,121
2034,1,11,2034,8,207
2035,1,11,2034,8,207
2036,1,11,2036,8,7
2037,1,11,2036,8,7
2038,,,,,0
2039,,,,,0
2040,1,11,2040,8,1341
2041,1,11,2040,8,1341
2042,,,,,0
2043,,,,,0
2044,1,11,2044,9,408
2045,1,11,2044,9,408
2046,1,11,2046,10,1299
2047,1,11,2046,10,1299
2048,,,,,0
2049,,,,,0
2050,1,12,2050,2,1179
2051,1,12,2050,2,1179
2052,1,12,2052,2,1266
2053,1,12,2052,2,1266
2054,1,12,2054,3,405
2055,1,12,2054,3,405
2056,1,12,2056,2,29
2057,1,12,2056,2,29
2058,1,12,2058,3,1203
2059,1,12,2058,3,1203
2060,1,12,2060,3,209
2061,1,12,2060,3,209
2062,,,,,0
2063,,,,,0
2064,1,12,2064,2,1025
2065,1,12,2064,2,1025
2066,,,,,0
2067,,,,,0
2068,1,12,2068,3,1010
2069,1,12,2068,3,1010
2070,1,12,2070,4,2051
2071,1,12,2070,4,2051
2072,1,12,2072,3,718
2073,1,12,2072,3,718
2074,1,12,2074,4,699
2075,1,12,2074,4,699
2076,1,12,2076,4,74
2077,1,12,2076,4,74
2078,,,,,0
2079,,,,,0
2080,1,12,2080,2,587
2081,1,12,2080,2,587
2082,1,12,2082,3,16
2083,1,12,2082,3,16
2084,1,12,2084,3,7
2085,1,12,2084,3,7
2086,1,12,2086,4,114
2087,1,12,2086,4,114
2088,1,12,2088,3,750
2089,1,12,2088,3,750
2090,1,12,2090,4,1221
2091,1,12,2090,4,1221
2092,1,12,2092,4,7
2093,1,12,2092,4,7
2094,1,12,2094,5,16
2095,1,12,2094,5,16
2096,1,12,2096,3,121
2097,1,12,2096,3,121
2098,,,,,0
2099,,,,,0
2100,1,12,2100,4,1891
2101,1,12,2100,4,1891
2102,,,,,0
2103,,,,,0
2104,1,12,2104,4,29
2105,1,12,2104,4,29
2106,1,12,2106,5,1706
2107,1,12,2106,5,1706
2108,1,12,2108,5,610
2109,1,12,2108,5,610
2110,1,12,2110,6,57
2111,1,12,2110,6,57
2112,1,12,2112,2,585
2113,1,12,2112,2,585
2114,1,12,2114,3,114
2115,1,12,2114,3,114
2116,1,12,2116,3,261
2117,1,12,2116,3,261
2118,1,12,2118,4,16
2119,1,12,2118,4,16
2120,1,12,2120,3,821
2121,1,12,2120,3,821
2122,,,,,0
2123,,,,,0
2124,1,12,2124,4,742
2125,1,12,2124,4,742
2126,,,,,0
2127,,,,,0
2128,1,12,2128,3,315
2129,1,12,2128,3,315
2130,1,12,2130,4,615
2131,1,12,2130,4,615
2132,1,12,2132,4,907
2133,1,12,2132,4,907
2134,1,12,2134,5,288
2135,1,12,2134,5,288
2136,1,12,2136,4,306
2137,1,12,2136,4,306
2138,,,,,0
2139,,,,,0
2140,1,12,2140,5,209
2141,1,12,2140,5,209
2142,1,12,2142,6,2093
2143,1,12,2142,6,2093
2144,1,12,2144,3,497
2145,1,12,2144,3,497
2146,1,12,2146,4,1074
2147,1,12,2146,4,1074
2148,1,12,2148,4,74
2149,1,12,2148,4,74
2150,1,12,2150,5,1262
2151,1,12,2150,5,1262
2152,1,12,2152,4,29
2153,1,12,2152,4,29
2154,1,12,2154,5,16
2155,1,12,2154,5,16
2156,1,12,2156,5,1411
2157,1,12,2156,5,1411
2158,1,12,2158,6,405
2159,1,12,2158,6,405
2160,1,12,2160,4,1618
2161,1,12,2160,4,1618
2162,1,12,2162,5,1290
2163,1,12,2162,5,1290
2164,1,12,2164,5,7
2165,1,12,2164,5,7
2166,1,12,2166,6,892
2167,1,12,2166,6,892
2168,1,12,2168,5,29
2169,1,12,2168,5,29
2170,1,12,2170,6,1233
2171,1,12,2170,6,1233
2172,1,12,2172,6,74
2173,1,12,2172,6,74
2174,,,,,0
2175,,,,,0
2176,1,12,2176,2,137
2177,1,12,2176,2,137
2178,1,12,2178,3,1024
2179,1,12,2178,3,1024
2180,1,12,2180,3,209
2181,1,12,2180,3,209
2182,,,,,0
2183,,,,,0
2184,1,12,2184,3,1360
2185,1,12,2184,3,1360
2186,,,,,0
2187,,,,,0
2188,1,12,2188,4,7
2189,1,12,2188,4,7
2190,1,12,2190,5,615
2191,1,12,2190,5,615
2192,1,12,2192,3,121
2193,1,12,2192,3,121
2194,,,,,0
2195,,,,,0
2196,1,12,2196,4,742
2197,1,12,2196,4,742
2198,1,12,2198,5,114
2199,1,12,2198,5,114
2200,1,12,2200,4,1178
2201,1,12,2200,4,1178
2202,1,12,2202,5,16
2203,1,12,2202,5,16
2204,1,12,2204,5,586
2205,1,12,2204,5,586
2206,,,,,0
2207,,,,,0
2208,1,12,2208,3,751
2209,1,12,2208,3,751
2210,1,12,2210,4,1161
2211,1,12,2210,4,1161
2212,1,12,2212,4,408
2213,1,12,2212,4,408
2214,1,12,2214,5,1380
2215,1,12,2214,5,1380
2216,1,12,2216,4,29
2217,1,12,2216,4,29
2218,,,,,0
2219,,,,,0
2220,1,12,2220,5,1049
2221,1,12,2220,5,1049
2222,1,12,2222,6,288
2223,1,12,2222,6,288
2224,1,12,2224,4,121
2225,1,12,2224,4,121
2226,1,12,2226,5,1203
2227,1,12,2226,5,1203
2228,1,12,2228,5,7
2229,1,12,2228,5,7
2230,1,12,2230,6,57
2231,1,12,2230,6,57
2232,1,12,2232,5,809
2233,1,12,2232,5,809
2234,,,,,0
2235,,,,,0
2236,1,12,2236,6,990
2237,1,12,2236,6,990
2238,1,12,2238,7,16
2239,1,12,2238,7,16
2240,1,12,2240,3,629
2241,1,12,2240,3,629
2242,1,12,2242,4,876
2243,1,12,2242,4,876
2244,1,12,2244,4,1743
2245,1,12,2244,4,1743
2246,,,,,0
2247,,,,,0
2248,1,12,2248,4,29
2249,1,12,2248,4,29
2250,1,12,2250,5,2098
2251,1,12,2250,5,2098
2252,1,12,2252,5,7
2253,1,12,2252,5,7
2254,1,12,2254,6,1404
2255,1,12,2254,6,1404
2256,1,12,2256,4,1203
2257,1,12,2256,4,1203
2258,,,,,0
2259,,,,,0
2260,1,12,2260,5,209
2261,1,12,2260,5,209
2262,1,12,2262,6,1570
2263,1,12,2262,6,1570
2264,1,12,2264,5,29
2265,1,12,2264,5,29
2266,1,12,2266,6,288
2267,1,12,2266,6,288
2268,1,12,2268,6,1706
2269,1,12,2268,6,1706
2270,1,12,2270,7,57
2271,1,12,2270,7,57
2272,1,12,2272,4,497
2273,1,12,2272,4,497
2274,1,12,2274,5,16
2275,1,12,2274,5,16
2276,1,12,2276,5,7
2277,1,12,2276,5,7
2278,1,12,2278,6,699
2279,1,12,2278,6,699
2280,1,12,2280,5,1376
2281,1,12,2280,5,1376
2282,1,12,2282,6,114
2283,1,12,2282,6,114
2284,1,12,2284,6,7
2285,1,12,2284,6,7
2286,1,12,2286,7,207
2287,1,12,2286,7,207
2288,1,12,2288,5,256
2289,1,12,2288,5,256
2290,1,12,2290,6,57
2291,1,12,2290,6,57
2292,1,12,2292,6,74
2293,1,12,2292,6,74
2294,1,12,2294,7,1133
2295,1,12,2294,7,1133
2296,1,12,2296,6,872
2297,1,12,2296,6,872
2298,1,12,2298,7,16
2299,1,12,2298,7,16
2300,1,12,2300,7,764
2301,1,12,2300,7,764
2302,,,,,0
2303,,,,,0
2304,1,12,2304,2,37
2305,1,12,2304,2,37
2306,,,,,0
2307,,,,,0
2308,1,12,2308,3,7
2309,1,12,2308,3,7
2310,1,12,2310,4,3215
2311,1,12,2310,4,3215
2312,1,12,2312,3,166
2313,1,12,2312,3,166
2314,1,12,2314,4,405
2315,1,12,2314,4,405
2316,1,12,2316,4,74
2317,1,12,2316,4,74
2318,1,12,2318,5,876
2319,1,12,2318,5,876
2320,1,12,2320,3,539
2321,1,12,2320,3,539
2322,1,12,2322,4,1463
2323,1,12,2322,4,1463
2324,1,12,2324,4,408
2325,1,12,2324,4,408
2326,,,,,0
2327,,,,,0
2328,1,12,2328,4,306
2329,1,12,2328,4,306
2330,1,12,2330,5,57
2331,1,12,2330,5,57
2332,1,12,2332,5,1010
2333,1,12,2332,5,1010
2334,1,12,2334,6,16
2335,1,12,2334,6,16
2336,1,12,2336,3,497
2337,1,12,2336,3,497
2338,1,12,2338,4,114
2339,1,12,2338,4,114
2340,1,12,2340,4,2862
2341,1,12,2340,4,2862
2342,,,,,0
2343,,,,,0
2344,1,12,2344,4,29
2345,1,12,2344,4,29
2346,1,12,2346,5,2005
2347,1,12,2346,5,2005
2348,1,12,2348,5,7
2349,1,12,2348,5,7
2350,1,12,2350,6,1440
2351,1,12,2350,6,1440
2352,1,12,2352,4,1483
2353,1,12,2352,4,1483
2354,1,12,2354,5,288
2355,1,12,2354,5,288
2356,1,12,2356,5,645
2357,1,12,2356,5,645
2358,1,12,2358,6,207
2359,1,12,2358,6,207
2360,1,12,2360,5,821
2361,1,12,2360,5,821
2362,,,,,0
2363,,,,,0
2364,1,12,2364,6,74
2365,1,12,2364,6,74
2366,1,12,2366,7,519
2367,1,12,2366,7,519
2368,1,12,2368,3,667
2369,1,12,2368,3,667
2370,1,12,2370,4,615
2371,1,12,2370,4,615
2372,1,12,2372,4,7
2373,1,12,2372,4,7
2374,,,,,0
2375,,,,,0
2376,1,12,2376,4,1280
2377,1,12,2376,4,1280
2378,1,12,2378,5,1228
2379,1,12,2378,5,1228
2380,1,12,2380,5,1343
2381,1,12,2380,5,1343
2382,1,12,2382,6,16
2383,1,12,2382,6,16
2384,1,12,2384,4,121
2385,1,12,2384,4,121
2386,,,,,0
2387,,,,,0
2388,1,12,2388,5,74
2389,1,12,2388,5,74
2390,1,12,2390,6,57
2391,1,12,2390,6,57
2392,1,12,2392,5,362
2393,1,12,2392,5,362
2394,1,12,2394,6,2270
2395,1,12,2394,6,2270
2396,,,,,0
2397,,,,,0
2398,1,12,2398,7,288
2399,1,12,2398,7,288
2400,1,12,2400,4,915
2401,1,12,2400,4,915
2402,,,,,0
2403,,,,,0
2404,,,,,0
2405,,,,,0
2406,1,12,2406,6,16
2407,1,12,2406,6,16
2408,1,12,2408,5,955
2409,1,12,2408,5,955
2410,1,12,2410,6,57
2411,1,12,2410,6,57
2412,1,12,2412,6,735
2413,1,12,2412,6,735
2414,1,12,2414,7,699
2415,1,12,2414,7,699
2416,1,12,2416,5,121
2417,1,12,2416,5,121
2418,1,12,2418,6,1629
2419,1,12,2418,6,1629
2420,1,12,2420,6,1205
2421,1,12,2420,6,1205
2422,1,12,2422,7,114
2423,1,12,2422,7,114
2424,1,12,2424,6,306
2425,1,12,2424,6,306
2426,,,,,0
2427,,,,,0
2428,,,,,0
2429,,,,,0
2430,1,12,2430,8,2149
2431,1,12,2430,8,2149
2432,1,12,2432,3,172
2433,1,12,2432,3,172
2434,,,,,0
2435,,,,,0
2436,1,12,2436,4,1086
2437,1,12,2436,4,1086
2438,1,12,2438,5,1290
2439,1,12,2438,5,1290
2440,1,12,2440,4,821
2441,1,12,2440,4,821
2442,1,12,2442,5,1500
2443,1,12,2442,5,1500
2444,1,12,2444,5,1161
2445,1,12,2444,5,1161
2446,,,,,0
2447,,,,,0
2448,1,12,2448,4,1424
2449,1,12,2448,4,1424
2450,1,12,2450,5,2245
2451,1,12,2450,5,2245
2452,,,,,0
2453,,,,,0
2454,1,12,2454,6,16
2455,1,12,2454,6,16
2456,1,12,2456,5,29
2457,1,12,2456,5,29
2458,,,,,0
2459,,,,,0
2460,1,12,2460,6,1196
2461,1,12,2460,6,1196
2462,,,,,0
2463,,,,,0
2464,1,12,2464,4,575
2465,1,12,2464,4,575
2466,1,12,2466,5,207
2467,1,12,2466,5,207
2468,,,,,0
2469,,,,,0
2470,1,12,2470,6,1338
2471,1,12,2470,6,1338
2472,1,12,2472,5,306
2473,1,12,2472,5,306
2474,,,,,0
2475,,,,,0
2476,,,,,0
2477,,,,,0
2478,1,12,2478,7,1203
2479,1,12,2478,7,1203
2480,1,12,2480,5,598
2481,1,12,2480,5,598
2482,1,12,2482,6,699
2483,1,12,2482,6,699
2484,1,12,2484,6,1341
2485,1,12,2484,6,1341
2486,1,12,2486,7,288
2487,1,12,2486,7,288
2488,1,12,2488,6,29
2489,1,12,2488,6,29
2490,1,12,2490,7,615
2491,1,12,2490,7,615
2492,1,12,2492,7,401
2493,1,12,2492,7,401
2494,1,12,2494,8,1311
2495,1,12,2494,8,1311
2496,1,12,2496,4,821
2497,1,12,2496,4,821
2498,,,,,0
2499,,,,,0
2500,1,12,2500,5,503
2501,1,12,2500,5,503
2502,1,12,2502,6,207
2503,1,12,2502,6,207
2504,1,12,2504,5,29
2505,1,12,2504,5,29
2506,1,12,2506,6,114
2507,1,12,2506,6,114
2508,1,12,2508,6,1771
2509,1,12,2508,6,1771
2510,1,12,2510,7,57
2511,1,12,2510,7,57
2512,1,12,2512,5,121
2513,1,12,2512,5,121
2514,1,12,2514,6,16
2515,1,12,2514,6,16
2516,1,12,2516,6,804
2517,1,12,2516,6,804
2518,,,,,0
2519,,,,,0
2520,1,12,2520,6,3061
2521,1,12,2520,6,3061
2522,1,12,2522,7,405
2523,1,12,2522,7,405
2524,,,,,0
2525,,,,,0
2526,1,12,2526,8,16
2527,1,12,2526,8,16
2528,1,12,2528,5,497
2529,1,12,2528,5,497
2530,1,12,2530,6,1635
2531,1,12,2530,6,1635
2532,1,12,2532,6,67
2533,1,12,2532,6,67
2534,1,12,2534,7,114
2535,1,12,2534,7,114
2536,1,12,2536,6,29
2537,1,12,2536,6,29
2538,1,12,2538,7,1641
2539,1,12,2538,7,1641
2540,1,12,2540,7,202
2541,1,12,2540,7,202
2542,1,12,2542,8,1287
2543,1,12,2542,8,1287
2544,1,12,2544,6,1250
2545,1,12,2544,6,1250
2546,1,12,2546,7,876
2547,1,12,2546,7,876
2548,1,12,2548,7,1657
2549,1,12,2548,7,1657
2550,1,12,2550,8,2841
2551,1,12,2550,8,2841
2552,1,12,2552,7,492
2553,1,12,2552,7,492
2554,,,,,0
2555,,,,,0
2556,1,12,2556,8,735
2557,1,12,2556,8,735
2558,,,,,0
2559,,,,,0
2560,1,12,2560,2,11
2561,1,12,2560,2,11
2562,1,12,2562,3,1203
2563,1,12,2562,3,1203
2564,,,,,0
2565,,,,,0
2566,,,,,0
2567,,,,,0
2568,1,12,2568,3,306
2569,1,12,2568,3,306
2570,1,12,2570,4,57
2571,1,12,2570,4,57
2572,,,,,0
2573,,,,,0
2574,1,12,2574,5,2171
2575,1,12,2574,5,2171
2576,1,12,2576,3,397
2577,1,12,2576,3,397
2578,,,,,0
2579,,,,,0
2580,1,12,2580,4,1279
2581,1,12,2580,4,1279
2582,,,,,0
2583,,,,,0
2584,1,12,2584,4,338
2585,1,12,2584,4,338
2586,1,12,2586,5,16
2587,1,12,2586,5,16
2588,,,,,0
2589,,,,,0
2590,1,12,2590,6,1434
2591,1,12,2590,6,1434
2592,1,12,2592,3,886
2593,1,12,2592,3,886
2594,,,,,0
2595,,,,,0
2596,1,12,2596,4,1003
2597,1,12,2596,4,1003
2598,1,12,2598,5,16
2599,1,12,2598,5,16
2600,1,12,2600,4,1201
2601,1,12,2600,4,1201
2602,,,,,0
2603,,,,,0
2604,1,12,2604,5,1145
2605,1,12,2604,5,1145
2606,,,,,0
2607,,,,,0
2608,1,12,2608,4,121
2609,1,12,2608,4,121
2610,1,12,2610,5,2204
2611,1,12,2610,5,2204
2612,,,,,0
2613,,,,,0
2614,,,,,0
2615,,,,,0
2616,1,12,2616,5,306
2617,1,12,2616,5,306
2618,1,12,2618,6,1101
2619,1,12,2618,6,1101
2620,1,12,2620,6,202
2621,1,12,2620,6,202
2622,1,12,2622,7,2182
2623,1,12,2622,7,2182
2624,1,12,2624,3,821
2625,1,12,2624,3,821
2626,1,12,2626,4,405
2627,1,12,2626,4,405
2628,1,12,2628,4,735
2629,1,12,2628,4,735
2630,1,12,2630,5,57
2631,1,12,2630,5,57
2632,1,12,2632,4,1133
2633,1,12,2632,4,1133
2634,1,12,2634,5,16
2635,1,12,2634,5,16
2636,,,,,0
2637,,,,,0
2638,,,,,0
2639,,,,,0
2640,1,12,2640,4,1952
2641,1,12,2640,4,1952
2642,,,,,0
2643,,,,,0
2644,,,,,0
2645,,,,,0
2646,1,12,2646,6,2923
2647,1,12,2646,6,2923
2648,1,12,2648,5,29
2649,1,12,2648,5,29
2650,1,12,2650,6,1584
2651,1,12,2650,6,1584
2652,1,12,2652,6,2301
2653,1,12,2652,6,2301
2654,,,,,0
2655,,,,,0
2656,1,12,2656,4,497
2657,1,12,2656,4,497
2658,1,12,2658,5,16
2659,1,12,2658,5,16
2660,1,12,2660,5,1371
2661,1,12,2660,5,1371
2662,1,12,2662,6,288
2663,1,12,2662,6,288
2664,1,12,2664,5,1010
2665,1,12,2664,5,1010
2666,1,12,2666,6,1370
2667,1,12,2666,6,1370
2668,1,12,2668,6,661
2669,1,12,2668,6,661
2670,1,12,2670,7,615
2671,1,12,2670,7,615
2672,1,12,2672,5,121
2673,1,12,2672,5,121
2674,1,12,2674,6,114
2675,1,12,2674,6,114
2676,1,12,2676,6,67
2677,1,12,2676,6,67
2678,1,12,2678,7,405
2679,1,12,2678,7,405
2680,1,12,2680,6,821
2681,1,12,2680,6,821
2682,1,12,2682,7,207
2683,1,12,2682,7,207
2684,1,12,2684,7,1003
2685,1,12,2684,7,1003
2686,1,12,2686,8,699
2687,1,12,2686,8,699
2688,1,12,2688,3,233
2689,1,12,2688,3,233
2690,1,12,2690,4,57
2691,1,12,2690,4,57
2692,,,,,0
2693,,,,,0
2694,1,12,2694,5,16
2695,1,12,2694,5,16
2696,1,12,2696,4,29
2697,1,12,2696,4,29
2698,1,12,2698,5,876
2699,1,12,2698,5,876
2700,1,12,2700,5,2687
2701,1,12,2700,5,2687
2702,1,12,2702,6,114
2703,1,12,2702,6,114
2704,1,12,2704,4,200
2705,1,12,2704,4,200
2706,1,12,2706,5,1654
2707,1,12,2706,5,1654
2708,,,,,0
2709,,,,,0
2710,1,12,2710,6,57
2711,1,12,2710,6,57
2712,1,12,2712,5,306
2713,1,12,2712,5,306
2714,1,12,2714,6,1290
2715,1,12,2714,6,1290
2716,1,12,2716,6,401
2717,1,12,2716,6,401
2718,1,12,2718,7,207
2719,1,12,2718,7,207
2720,1,12,2720,4,645
2721,1,12,2720,4,645
2722,,,,,0
2723,,,,,0
2724,1,12,2724,5,67
2725,1,12,2724,5,67
2726,1,12,2726,6,1489
2727,1,12,2726,6,1489
2728,1,12,2728,5,551
2729,1,12,2728,5,551
2730,1,12,2730,6,3545
2731,1,12,2730,6,3545
2732,,,,,0
2733,,,,,0
2734,,,,,0
2735,,,,,0
2736,1,12,2736,5,1459
2737,1,12,2736,5,1459
2738,1,12,2738,6,667
2739,1,12,2738,6,667
2740,1,12,2740,6,202
2741,1,12,2740,6,202
2742,1,12,2742,7,16
2743,1,12,2742,7,16
2744,1,12,2744,6,1228
2745,1,12,2744,6,1228
2746,,,,,0
2747,,,,,0
2748,1,12,2748,7,67
2749,1,12,2748,7,67
2750,1,12,2750,8,1872
2751,1,12,2750,8,1872
2752,1,12,2752,4,904
2753,1,12,2752,4,904
2754,1,12,2754,5,2534
2755,1,12,2754,5,2534
2756,1,12,2756,5,1406
2757,1,12,2756,5,1406
2758,1,12,2758,6,114
2759,1,12,2758,6,114
2760,1,12,2760,5,1458
2761,1,12,2760,5,1458
2762,,,,,0
2763,,,,,0
2764,,,,,0
2765,,,,,0
2766,1,12,2766,7,16
2767,1,12,2766,7,16
2768,1,12,2768,5,121
2769,1,12,2768,5,121
2770,1,12,2770,6,57
2771,1,12,2770,6,57
2772,1,12,2772,6,2879
2773,1,12,2772,6,2879
2774,1,12,2774,7,876
2775,1,12,2774,7,876
2776,1,12,2776,6,29
2777,1,12,2776,6,29
2778,1,12,2778,7,16
2779,1,12,2778,7,16
2780,1,12,2780,7,202
2781,1,12,2780,7,202
2782,1,12,2782,8,405
2783,1,12,2782,8,405
2784,1,12,2784,5,904
2785,1,12,2784,5,904
2786,1,12,2786,6,114
2787,1,12,2786,6,114
2788,1,12,2788,6,958
2789,1,12,2788,6,958
2790,1,12,2790,7,2263
2791,1,12,2790,7,2263
2792,1,12,2792,6,29
2793,1,12,2792,6,29
2794,1,12,2794,7,288
2795,1,12,2794,7,288
2796,1,12,2796,7,67
2797,1,12,2796,7,67
2798,,,,,0
2799,,,,,0
2800,1,12,2800,6,1051
2801,1,12,2800,6,1051
2802,1,12,2802,7,16
2803,1,12,2802,7,16
2804,,,,,0
2805,,,,,0
2806,1,12,2806,8,1290
2807,1,12,2806,8,1290
2808,1,12,2808,7,1516
2809,1,12,2808,7,1516
2810,1,12,2810,8,57
2811,1,12,2810,8,57
2812,1,12,2812,8,839
2813,1,12,2812,8,839
2814,1,12,2814,9,1203
2815,1,12,2814,9,1203
2816,1,12,2816,3,56
2817,1,12,2816,3,56
2818,,,,,0
2819,,,,,0
2820,1,12,2820,4,1457
2821,1,12,2820,4,1457
2822,1,12,2822,5,699
2823,1,12,2822,5,699
2824,1,12,2824,4,29
2825,1,12,2824,4,29
2826,1,12,2826,5,207
2827,1,12,2826,5,207
2828,1,12,2828,5,401
2829,1,12,2828,5,401
2830,1,12,2830,6,57
2831,1,12,2830,6,57
2832,1,12,2832,4,1250
2833,1,12,2832,4,1250
2834,1,12,2834,5,405
2835,1,12,2834,5,405
2836,,,,,0
2837,,,,,0
2838,1,12,2838,6,1737
2839,1,12,2838,6,1737
2840,1,12,2840,5,821
2841,1,12,2840,5,821
2842,1,12,2842,6,1698
2843,1,12,2842,6,1698
2844,1,12,2844,6,735
2845,1,12,2844,6,735
2846,,,,,0
2847,,,,,0
2848,1,12,2848,4,497
2849,1,12,2848,4,497
2850,1,12,2850,5,3018
2851,1,12,2850,5,3018
2852,1,12,2852,5,720
2853,1,12,2852,5,720
2854,,,,,0
2855,,,,,0
2856,1,12,2856,5,1952
2857,1,12,2856,5,1952
2858,,,,,0
2859,,,,,0
2860,1,12,2860,6,2611
2861,1,12,2860,6,2611
2862,1,12,2862,7,1938
2863,1,12,2862,7,1938
2864,1,12,2864,5,121
2865,1,12,2864,5,121
2866,,,,,0
2867,,,,,0
2868,1,12,2868,6,67
2869,1,12,2868,6,67
2870,1,12,2870,7,1588
2871,1,12,2870,7,1588
2872,1,12,2872,6,29
2873,1,12,2872,6,29
2874,1,12,2874,7,16
2875,1,12,2874,7,16
2876,,,,,0
2877,,,,,0
2878,,,,,0
2879,,,,,0
2880,1,12,2880,4,1145
2881,1,12,2880,4,1145
2882,1,12,2882,5,288
2883,1,12,2882,5,288
2884,1,12,2884,5,401
2885,1,12,2884,5,401
2886,1,12,2886,6,1830
2887,1,12,2886,6,1830
2888,1,12,2888,5,201
2889,1,12,2888,5,201
2890,1,12,2890,6,756
2891,1,12,2890,6,756
2892,1,12,2892,6,67
2893,1,12,2892,6,67
2894,,,,,0
2895,,,,,0
2896,1,12,2896,5,121
2897,1,12,2896,5,121
2898,1,12,2898,6,2684
2899,1,12,2898,6,2684
2900,1,12,2900,6,910
2901,1,12,2900,6,910
2902,,,,,0
2903,,,,,0
2904,1,12,2904,6,891
2905,1,12,2904,6,891
2906,,,,,0
2907,,,,,0
2908,,,,,0
2909,,,,,0
2910,1,12,2910,8,615
2911,1,12,2910,8,615
2912,1,12,2912,5,598
2913,1,12,2912,5,598
2914,1,12,2914,6,1548
2915,1,12,2914,6,1548
2916,1,12,2916,6,1087
2917,1,12,2916,6,1087
2918,,,,,0
2919,,,,,0
2920,1,12,2920,6,821
2921,1,12,2920,6,821
2922,1,12,2922,7,16
2923,1,12,2922,7,16
2924,1,12,2924,7,1041
2925,1,12,2924,7,1041
2926,1,12,2926,8,1278
2927,1,12,2926,8,1278
2928,1,12,2928,6,1250
2929,1,12,2928,6,1250
2930,1,12,2930,7,57
2931,1,12,2930,7,57
2932,,,,,0
2933,,,,,0
2934,1,12,2934,8,207
2935,1,12,2934,8,207
2936,1,12,2936,7,29
2937,1,12,2936,7,29
2938,1,12,2938,8,405
2939,1,12,2938,8,405
2940,1,12,2940,8,2760
2941,1,12,2940,8,2760
2942,,,,,0
2943,,,,,0
2944,1,12,2944,4,254
2945,1,12,2944,4,254
2946,1,12,2946,5,16
2947,1,12,2946,5,16
2948,1,12,2948,5,1003
2949,1,12,2948,5,1003
2950,1,12,2950,6,1584
2951,1,12,2950,6,1584
2952,1,12,2952,5,1164
2953,1,12,2952,5,1164
2954,1,12,2954,6,114
2955,1,12,2954,6,114
2956,,,,,0
2957,,,,,0
2958,1,12,2958,7,2398
2959,1,12,2958,7,2398
2960,1,12,2960,5,799
2961,1,12,2960,5,799
2962,,,,,0
2963,,,,,0
2964,1,12,2964,6,2387
2965,1,12,2964,6,2387
2966,,,,,0
2967,,,,,0
2968,1,12,2968,6,1430
2969,1,12,2968,6,1430
2970,1,12,2970,7,4398
2971,1,12,2970,7,4398
2972,,,,,0
2973,,,,,0
2974,,,,,0
2975,,,,,0
2976,1,12,2976,5,963
2977,1,12,2976,5,963
2978,,,,,0
2979,,,,,0
2980,1,12,2980,6,202
2981,1,12,2980,6,202
2982,1,12,2982,7,1203
2983,1,12,2982,7,1203
2984,1,12,2984,6,29
2985,1,12,2984,6,29
2986,,,,,0
2987,,,,,0
2988,1,12,2988,7,735
2989,1,12,2988,7,735
2990,1,12,2990,8,1741
2991,1,12,2990,8,1741
2992,1,12,2992,6,314
2993,1,12,2992,6,314
2994,1,12,2994,7,16
2995,1,12,2994,7,16
2996,1,12,2996,7,401
2997,1,12,2996,7,401
2998,,,,,0
2999,,,,,0
3000,1,12,3000,7,1494
3001,1,12,3000,7,1494
3002,1,12,3002,8,876
3003,1,12,3002,8,876
3004,,,,,0
3005,,,,,0
3006,1,12,3006,9,207
3007,1,12,3006,9,207
3008,1,12,3008,5,1082
3009,1,12,3008,5,1082
3010,1,12,3010,6,1660
3011,1,12,3010,6,1660
3012,1,12,3012,6,67
3013,1,12,3012,6,67
3014,1,12,3014,7,288
3015,1,12,3014,7,288
3016,1,12,3016,6,515
3017,1,12,3016,6,515
3018,1,12,3018,7,16
3019,1,12,3018,7,16
3020,1,12,3020,7,191
3021,1,12,3020,7,191
3022,,,,,0
3023,,,,,0
3024,1,12,3024,6,1872
3025,1,12,3024,6,1872
3026,1,12,3026,7,699
3027,1,12,3026,7,699
3028,,,,,0
3029,,,,,0
3030,1,12,3030,8,604
3031,1,12,3030,8,604
3032,1,12,3032,7,29
3033,1,12,3032,7,29
3034,1,12,3034,8,1488
3035,1,12,3034,8,1488
3036,1,12,3036,8,1853
3037,1,12,3036,8,1853
3038,1,12,3038,9,1757
3039,1,12,3038,9,1757
3040,1,12,3040,6,669
3041,1,12,3040,6,669
3042,1,12,3042,7,1354
3043,1,12,3042,7,1354
3044,,,,,0
3045,,,,,0
3046,,,,,0
3047,,,,,0
3048,1,12,3048,7,306
3049,1,12,3048,7,306
3050,1,12,3050,8,1573
3051,1,12,3050,8,1573
3052,1,12,3052,8,401
3053,1,12,3052,8,401
3054,1,12,3054,9,16
3055,1,12,3054,9,16
3056,1,12,3056,7,121
3057,1,12,3056,7,121
3058,1,12,3058,8,288
3059,1,12,3058,8,288
3060,1,12,3060,8,3436
3061,1,12,3060,8,3436
3062,,,,,0
3063,,,,,0
3064,1,12,3064,8,29
3065,1,12,3064,8,29
3066,1,12,3066,9,1203
3067,1,12,3066,9,1203
3068,1,12,3068,9,1406
3069,1,12,3068,9,1406
3070,1,12,3070,10,46
3071,1,12,3070,10,46
3072,,,,,0
3073,,,,,0
3074,1,12,3074,3,1786
3075,1,12,3074,3,1786
3076,,,,,0
3077,,,,,0
3078,1,12,3078,4,2867
3079,1,12,3078,4,2867
3080,1,12,3080,3,2970
3081,1,12,3080,3,2970
3082,1,12,3082,4,1290
3083,1,12,3082,4,1290
3084,1,12,3084,4,67
3085,1,12,3084,4,67
3086,,,,,0
3087,,,,,0
3088,1,12,3088,3,121
3089,1,12,3088,3,121
3090,1,12,3090,4,604
3091,1,12,3090,4,604
3092,,,,,0
3093,,,,,0
3094,1,12,3094,5,1218
3095,1,12,3094,5,1218
3096,1,12,3096,4,1247
3097,1,12,3096,4,1247
3098,,,,,0
3099,,,,,0
3100,1,12,3100,5,958
3101,1,12,3100,5,958
3102,1,12,3102,6,1915
3103,1,12,3102,6,1915
3104,1,12,3104,3,497
3105,1,12,3104,3,497
3106,,,,,0
3107,,,,,0
3108,1,12,3108,4,1346
3109,1,12,3108,4,1346
3110,1,12,3110,5,46
3111,1,12,3110,5,46
3112,1,12,3112,4,29
3113,1,12,3112,4,29
3114,1,12,3114,5,207
3115,1,12,3114,5,207
3116,1,12,3116,5,993
3117,1,12,3116,5,993
3118,,,,,0
3119,,,,,0
3120,1,12,3120,4,2177
3121,1,12,3120,4,2177
3122,1,12,3122,5,114
3123,1,12,3122,5,114
3124,1,12,3124,5,1003
3125,1,12,3124,5,1003
3126,1,12,3126,6,16
3127,1,12,3126,6,16
3128,1,12,3128,5,420
3129,1,12,3128,5,420
3130,1,12,3130,6,46
3131,1,12,3130,6,46
3132,1,12,3132,6,1494
3133,1,12,3132,6,1494
3134,,,,,0
3135,,,,,0
3136,1,12,3136,3,1199
3137,1,12,3136,3,1199
3138,1,12,3138,4,16
3139,1,12,3138,4,16
3140,1,12,3140,4,191
3141,1,12,3140,4,191
3142,,,,,0
3143,,,,,0
3144,1,12,3144,4,306
3145,1,12,3144,4,306
3146,1,12,3146,5,693
3147,1,12,3146,5,693
3148,,,,,0
3149,,,,,0
3150,1,12,3150,6,5096
3151,1,12,3150,6,5096
3152,1,12,3152,4,121
3153,1,12,3152,4,121
3154,1,12,3154,5,876
3155,1,12,3154,5,876
3156,1,12,3156,5,67
3157,1,12,3156,5,67
3158,,,,,0
3159,,,,,0
3160,1,12,3160,5,810
3161,1,12,3160,5,810
3162,1,12,3162,6,2457
3163,1,12,3162,6,2457
3164,1,12,3164,6,401
3165,1,12,3164,6,401
3166,,,,,0
3167,,,,,0
3168,1,12,3168,4,1119
3169,1,12,3168,4,1119
3170,1,12,3170,5,46
3171,1,12,3170,5,46
3172,1,12,3172,5,1406
3173,1,12,3172,5,1406
3174,1,12,3174,6,1306
3175,1,12,3174,6,1306
3176,1,12,3176,5,29
3177,1,12,3176,5,29
3178,1,12,3178,6,114
3179,1,12,3178,6,114
3180,1,12,3180,6,1743
3181,1,12,3180,6,1743
3182,1,12,3182,7,1571
3183,1,12,3182,7,1571
3184,1,12,3184,5,121
3185,1,12,3184,5,121
3186,1,12,3186,6,1991
3187,1,12,3186,6,1991
3188,,,,,0
3189,,,,,0
3190,1,12,3190,7,2227
3191,1,12,3190,7,2227
3192,1,12,3192,6,2252
3193,1,12,3192,6,2252
3194,,,,,0
3195,,,,,0
3196,1,12,3196,7,1219
3197,1,12,3196,7,1219
3198,1,12,3198,8,1984
3199,1,12,3198,8,1984
3200,1,12,3200,3,301
3201,1,12,3200,3,301
3202,,,,,0
3203,,,,,0
3204,1,12,3204,4,735
3205,1,12,3204,4,735
3206,1,12,3206,5,114
3207,1,12,3206,5,114
3208,1,12,3208,4,29
3209,1,12,3208,4,29
3210,1,12,3210,5,604
3211,1,12,3210,5,604
3212,1,12,3212,5,1003
3213,1,12,3212,5,1003
3214,,,,,0
3215,,,,,0
3216,1,12,3216,4,1250
3217,1,12,3216,4,1250
3218,,,,,0
3219,,,,,0
3220,1,12,3220,5,1442
3221,1,12,3220,5,1442
3222,1,12,3222,6,207
3223,1,12,3222,6,207
3224,1,12,3224,5,574
3225,1,12,3224,5,574
3226,,,,,0
3227,,,,,0
3228,1,12,3228,6,67
3229,1,12,3228,6,67
3230,1,12,3230,7,1621
3231,1,12,3230,7,1621
3232,1,12,3232,4,497
3233,1,12,3232,4,497
3234,1,12,3234,5,3197
3235,1,12,3234,5,3197
3236,,,,,0
3237,,,,,0
3238,,,,,0
3239,,,,,0
3240,1,12,3240,5,2573
3241,1,12,3240,5,2573
3242,,,,,0
3243,,,,,0
3244,,,,,0
3245,,,,,0
3246,1,12,3246,7,16
3247,1,12,3246,7,16
3248,1,12,3248,5,550
3249,1,12,3248,5,550
3250,1,12,3250,6,1978
3251,1,12,3250,6,1978
3252,1,12,3252,6,67
3253,1,12,3252,6,67
3254,,,,,0
3255,,,,,0
3256,1,12,3256,6,752
3257,1,12,3256,6,752
3258,1,12,3258,7,207
3259,1,12,3258,7,207
3260,1,12,3260,7,191
3261,1,12,3260,7,191
3262,1,12,3262,8,114
3263,1,12,3262,8,114
3264,1,12,3264,4,1413
3265,1,12,3264,4,1413
3266,1,12,3266,5,1290
3267,1,12,3266,5,1290
3268,1,12,3268,5,1076
3269,1,12,3268,5,1076
3270,1,12,3270,6,604
3271,1,12,3270,6,604
3272,1,12,3272,5,29
3273,1,12,3272,5,29
3274,,,,,0
3275,,,,,0
3276,1,12,3276,6,3495
3277,1,12,3276,6,3495
3278,1,12,3278,7,288
3279,1,12,3278,7,288
3280,1,12,3280,5,942
3281,1,12,3280,5,942
3282,1,12,3282,6,16
3283,1,12,3282,6,16
3284,,,,,0
3285,,,,,0
3286,1,12,3286,7,1845
3287,1,12,3286,7,1845
3288,1,12,3288,6,306
3289,1,12,3288,6,306
3290,1,12,3290,7,1838
3291,1,12,3290,7,1838
3292,,,,,0
3293,,,,,0
3294,1,12,3294,8,1991
3295,1,12,3294,8,1991
3296,1,12,3296,5,497
3297,1,12,3296,5,497
3298,1,12,3298,6,699
3299,1,12,3298,6,699
3300,1,12,3300,6,3683
3301,1,12,3300,6,3683
3302,1,12,3302,7,405
3303,1,12,3302,7,405
3304,1,12,3304,6,1592
3305,1,12,3304,6,1592
3306,1,12,3306,7,2896
3307,1,12,3306,7,2896
3308,,,,,0
3309,,,,,0
3310,1,12,3310,8,46
3311,1,12,3310,8,46
3312,1,12,3312,6,1541
3313,1,12,3312,6,1541
3314,,,,,0
3315,,,,,0
3316,,,,,0
3317,,,,,0
3318,1,12,3318,8,1203
3319,1,12,3318,8,1203
3320,1,12,3320,7,810
3321,1,12,3320,7,810
3322,1,12,3322,8,288
3323,1,12,3322,8,288
3324,1,12,3324,8,67
3325,1,12,3324,8,67
3326,,,,,0
3327,,,,,0
3328,1,12,3328,3,79
3329,1,12,3328,3,79
3330,1,12,3330,4,2453
3331,1,12,3330,4,2453
3332,1,12,3332,4,1715
3333,1,12,3332,4,1715
3334,,,,,0
3335,,,,,0
3336,1,12,3336,4,306
3337,1,12,3336,4,306
3338,,,,,0
3339,,,,,0
3340,1,12,3340,5,191
3341,1,12,3340,5,191
3342,1,12,3342,6,16
3343,1,12,3342,6,16
3344,1,12,3344,4,349
3345,1,12,3344,4,349
3346,1,12,3346,5,114
3347,1,12,3346,5,114
3348,1,12,3348,5,1553
3349,1,12,3348,5,1553
3350,1,12,3350,6,1573
3351,1,12,3350,6,1573
3352,1,12,3352,5,29
3353,1,12,3352,5,29
3354,1,12,3354,6,2067
3355,1,12,3354,6,2067
3356,,,,,0
3357,,,,,0
3358,1,12,3358,7,1290
3359,1,12,3358,7,1290
3360,1,12,3360,4,1432
3361,1,12,3360,4,1432
3362,1,12,3362,5,821
3363,1,12,3362,5,821
3364,1,12,3364,5,407
3365,1,12,3364,5,407
3366,1,12,3366,6,2999
3367,1,12,3366,6,2999
3368,1,12,3368,5,29
3369,1,12,3368,5,29
3370,1,12,3370,6,46
3371,1,12,3370,6,46
3372,1,12,3372,6,67
3373,1,12,3372,6,67
3374,1,12,3374,7,114
3375,1,12,3374,7,114
3376,1,12,3376,5,121
3377,1,12,3376,5,121
3378,1,12,3378,6,16
3379,1,12,3378,6,16
3380,1,12,3380,6,1597
3381,1,12,3380,6,1597
3382,1,12,3382,7,876
3383,1,12,3382,7,876
3384,1,12,3384,6,1425
3385,1,12,3384,6,1425
3386,,,,,0
3387,,,,,0
3388,1,12,3388,7,1404
3389,1,12,3388,7,1404
3390,1,12,3390,8,604
3391,1,12,3390,8,604
3392,1,12,3392,4,1379
3393,1,12,3392,4,1379
3394,,,,,0
3395,,,,,0
3396,1,12,3396,5,67
3397,1,12,3396,5,67
3398,,,,,0
3399,,,,,0
3400,1,12,3400,5,1248
3401,1,12,3400,5,1248
3402,1,12,3402,6,3178
3403,1,12,3402,6,3178
3404,1,12,3404,6,921
3405,1,12,3404,6,921
3406,1,12,3406,7,405
3407,1,12,3406,7,405
3408,1,12,3408,5,1250
3409,1,12,3408,5,1250
3410,1,12,3410,6,2286
3411,1,12,3410,6,2286
3412,,,,,0
3413,,,,,0
3414,1,12,3414,7,16
3415,1,12,3414,7,16
3416,1,12,3416,6,1592
3417,1,12,3416,6,1592
3418,,,,,0
3419,,,,,0
3420,1,12,3420,7,3792
3421,1,12,3420,7,3792
3422,1,12,3422,8,2061
3423,1,12,3422,8,2061
3424,1,12,3424,5,497
3425,1,12,3424,5,497
3426,1,12,3426,6,16
3427,1,12,3426,6,16
3428,,,,,0
3429,,,,,0
3430,1,12,3430,7,1933
3431,1,12,3430,7,1933
3432,1,12,3432,6,1712
3433,1,12,3432,6,1712
3434,1,12,3434,7,699
3435,1,12,3434,7,699
3436,,,,,0
3437,,,,,0
3438,1,12,3438,8,207
3439,1,12,3438,8,207
3440,1,12,3440,6,1025
3441,1,12,3440,6,1025
3442,,,,,0
3443,,,,,0
3444,1,12,3444,7,1500
3445,1,12,3444,7,1500
3446,,,,,0
3447,,,,,0
3448,1,12,3448,7,29
3449,1,12,3448,7,29
3450,1,12,3450,8,3421
3451,1,12,3450,8,3421
3452,,,,,0
3453,,,,,0
3454,1,12,3454,9,288
3455,1,12,3454,9,288
3456,1,12,3456,4,389
3457,1,12,3456,4,389
3458,1,12,3458,5,1395
3459,1,12,3458,5,1395
3460,1,12,3460,5,191
3461,1,12,3460,5,191
3462,1,12,3462,6,16
3463,1,12,3462,6,16
3464,1,12,3464,5,29
3465,1,12,3464,5,29
3466,,,,,0
3467,,,,,0
3468,1,12,3468,6,1480
3469,1,12,3468,6,1480
3470,1,12,3470,7,46
3471,1,12,3470,7,46
3472,1,12,3472,5,609
3473,1,12,3472,5,609
3474,1,12,3474,6,207
3475,1,12,3474,6,207
3476,1,12,3476,6,1003
3477,1,12,3476,6,1003
3478,1,12,3478,7,1749
3479,1,12,3478,7,1749
3480,1,12,3480,6,1600
3481,1,12,3480,6,1600
3482,,,,,0
3483,,,,,0
3484,1,12,3484,7,1406
3485,1,12,3484,7,1406
3486,1,12,3486,8,1203
3487,1,12,3486,8,1203
3488,1,12,3488,5,497
3489,1,12,3488,5,497
3490,1,12,3490,6,46
3491,1,12,3490,6,46
3492,1,12,3492,6,735
3493,1,12,3492,6,735
3494,,,,,0
3495,,,,,0
3496,1,12,3496,6,455
3497,1,12,3496,6,455
3498,1,12,3498,7,2212
3499,1,12,3498,7,2212
3500,1,12,3500,7,1489
3501,1,12,3500,7,1489
3502,1,12,3502,8,699
3503,1,12,3502,8,699
3504,1,12,3504,6,1250
3505,1,12,3504,6,1250
3506,,,,,0
3507,,,,,0
3508,,,,,0
3509,,,,,0
3510,1,12,3510,8,4717
3511,1,12,3510,8,4717
3512,1,12,3512,7,29
3513,1,12,3512,7,29
3514,1,12,3514,8,114
3515,1,12,3514,8,114
3516,1,12,3516,8,67
3517,1,12,3516,8,67
3518,,,,,0
3519,,,,,0
3520,1,12,3520,5,1542
3521,1,12,3520,5,1542
3522,1,12,3522,6,16
3523,1,12,3522,6,16
3524,,,,,0
3525,,,,,0
3526,1,12,3526,7,1725
3527,1,12,3526,7,1725
3528,1,12,3528,6,3294
3529,1,12,3528,6,3294
3530,1,12,3530,7,46
3531,1,12,3530,7,46
3532,,,,,0
3533,,,,,0
3534,1,12,3534,8,2955
3535,1,12,3534,8,2955
3536,1,12,3536,6,337
3537,1,12,3536,6,337
3538,1,12,3538,7,2061
3539,1,12,3538,7,2061
3540,1,12,3540,7,2076
3541,1,12,3540,7,2076
3542,1,12,3542,8,1692
3543,1,12,3542,8,1692
3544,1,12,3544,7,29
3545,1,12,3544,7,29
3546,1,12,3546,8,207
3547,1,12,3546,8,207
3548,,,,,0
3549,,,,,0
3550,1,12,3550,9,1573
3551,1,12,3550,9,1573
3552,1,12,3552,6,1164
3553,1,12,3552,6,1164
3554,,,,,0
3555,,,,,0
3556,1,12,3556,7,401
3557,1,12,3556,7,401
3558,1,12,3558,8,16
3559,1,12,3558,8,16
3560,1,12,3560,7,810
3561,1,12,3560,7,810
3562,1,12,3562,8,405
3563,1,12,3562,8,405
3564,1,12,3564,8,2619
3565,1,12,3564,8,2619
3566,,,,,0
3567,,,,,0
3568,1,12,3568,7,121
3569,1,12,3568,7,121
3570,1,12,3570,8,4362
3571,1,12,3570,8,4362
3572,1,12,3572,8,1254
3573,1,12,3572,8,1254
3574,,,,,0
3575,,,,,0
3576,1,12,3576,8,306
3577,1,12,3576,8,306
3578,,,,,0
3579,,,,,0
3580,1,12,3580,9,191
3581,1,12,3580,9,191
3582,1,12,3582,10,191
3583,1,12,3582,10,191
3584,1,12,3584,3,22
3585,1,12,3584,3,22
3586,1,12,3586,4,288
3587,1,12,3586,4,288
3588,1,12,3588,4,2469
3589,1,12,3588,4,2469
3590,1,12,3590,5,46
3591,1,12,3590,5,46
3592,1,12,3592,4,29
3593,1,12,3592,4,29
3594,,,,,0
3595,,,,,0
3596,1,12,3596,5,873
3597,1,12,3596,5,873
3598,1,12,3598,6,114
3599,1,12,3598,6,114
3600,1,12,3600,4,2685
3601,1,12,3600,4,2685
3602,,,,,0
3603,,,,,0
3604,1,12,3604,5,1516
3605,1,12,3604,5,1516
3606,,,,,0
3607,,,,,0
3608,1,12,3608,5,906
3609,1,12,3608,5,906
3610,1,12,3610,6,922
3611,1,12,3610,6,922
3612,1,12,3612,6,1583
3613,1,12,3612,6,1583
3614,1,12,3614,7,405
3615,1,12,3614,7,405
3616,1,12,3616,4,497
3617,1,12,3616,4,497
3618,1,12,3618,5,1975
3619,1,12,3618,5,1975
3620,1,12,3620,5,191
3621,1,12,3620,5,191
3622,,,,,0
3623,,,,,0
3624,1,12,3624,5,306
3625,1,12,3624,5,306
3626,1,12,3626,6,1958
3627,1,12,3626,6,1958
3628,,,,,0
3629,,,,,0
3630,1,12,3630,7,2891
3631,1,12,3630,7,2891
3632,1,12,3632,5,121
3633,1,12,3632,5,121
3634,1,12,3634,6,1290
3635,1,12,3634,6,1290
3636,1,12,3636,6,735
3637,1,12,3636,6,735
3638,1,12,3638,7,699
3639,1,12,3638,7,699
3640,1,12,3640,6,3048
3641,1,12,3640,6,3048
3642,,,,,0
3643,,,,,0
3644,,,,,0
3645,,,,,0
3646,,,,,0
3647,,,,,0
3648,1,12,3648,4,1769
3649,1,12,3648,4,1769
3650,1,12,3650,5,1573
3651,1,12,3650,5,1573
3652,1,12,3652,5,1003
3653,1,12,3652,5,1003
3654,1,12,3654,6,3439
3655,1,12,3654,6,3439
3656,1,12,3656,5,29
3657,1,12,3656,5,29
3658,1,12,3658,6,2178
3659,1,12,3658,6,2178
3660,1,12,3660,6,2135
3661,1,12,3660,6,2135
3662,,,,,0
3663,,,,,0
3664,1,12,3664,5,121
3665,1,12,3664,5,121
3666,1,12,3666,6,2229
3667,1,12,3666,6,2229
3668,1,12,3668,6,401
3669,1,12,3668,6,401
3670,1,12,3670,7,46
3671,1,12,3670,7,46
3672,1,12,3672,6,2108
3673,1,12,3672,6,2108
3674,1,12,3674,7,288
3675,1,12,3674,7,288
3676,,,,,0
3677,,,,,0
3678,,,,,0
3679,,,,,0
3680,1,12,3680,5,751
3681,1,12,3680,5,751
3682,1,12,3682,6,114
3683,1,12,3682,6,114
3684,1,12,3684,6,67
3685,1,12,3684,6,67
3686,1,12,3686,7,876
3687,1,12,3686,7,876
3688,1,12,3688,6,29
3689,1,12,3688,6,29
3690,1,12,3690,7,2591
3691,1,12,3690,7,2591
3692,1,12,3692,7,1406
3693,1,12,3692,7,1406
3694,,,,,0
3695,,,,,0
3696,1,12,3696,6,2068
3697,1,12,3696,6,2068
3698,1,12,3698,7,904
3699,1,12,3698,7,904
3700,1,12,3700,7,1159
3701,1,12,3700,7,1159
3702,,,,,0
3703,,,,,0
3704,1,12,3704,7,29
3705,1,12,3704,7,29
3706,1,12,3706,8,699
3707,1,12,3706,8,699
3708,1,12,3708,8,735
3709,1,12,3708,8,735
3710,1,12,3710,9,2135
3711,1,12,3710,9,2135
3712,1,12,3712,4,407
3713,1,12,3712,4,407
3714,,,,,0
3715,,,,,0
3716,,,,,0
3717,,,,,0
3718,1,12,3718,6,693
3719,1,12,3718,6,693
3720,1,12,3720,5,1659
3721,1,12,3720,5,1659
3722,,,,,0
3723,,,,,0
3724,1,12,3724,6,1750
3725,1,12,3724,6,1750
3726,1,12,3726,7,3265
3727,1,12,3726,7,3265
3728,1,12,3728,5,121
3729,1,12,3728,5,121
3730,1,12,3730,6,46
3731,1,12,3730,6,46
3732,1,12,3732,6,67
3733,1,12,3732,6,67
3734,,,,,0
3735,,,,,0
3736,1,12,3736,6,29
3737,1,12,3736,6,29
3738,1,12,3738,7,1187
3739,1,12,3738,7,1187
3740,1,12,3740,7,2817
3741,1,12,3740,7,2817
3742,,,,,0
3743,,,,,0
3744,1,12,3744,5,1355
3745,1,12,3744,5,1355
3746,,,,,0
3747,,,,,0
3748,,,,,0
3749,,,,,0
3750,1,12,3750,7,2115
3751,1,12,3750,7,2115
3752,1,12,3752,6,1592
3753,1,12,3752,6,1592
3754,,,,,0
3755,,,,,0
3756,1,12,3756,7,67
3757,1,12,3756,7,67
3758,,,,,0
3759,,,,,0
3760,1,12,3760,6,1203
3761,1,12,3760,6,1203
3762,1,12,3762,7,3481
3763,1,12,3762,7,3481
3764,,,,,0
3765,,,,,0
3766,1,12,3766,8,114
3767,1,12,3766,8,114
3768,1,12,3768,7,306
3769,1,12,3768,7,306
3770,1,12,3770,8,2512
3771,1,12,3770,8,2512
3772,1,12,3772,8,1075
3773,1,12,3772,8,1075
3774,1,12,3774,9,2642
3775,1,12,3774,9,2642
3776,1,12,3776,5,1712
3777,1,12,3776,5,1712
3778,,,,,0
3779,,,,,0
3780,1,12,3780,6,5354
3781,1,12,3780,6,5354
3782,1,12,3782,7,2297
3783,1,12,3782,7,2297
3784,1,12,3784,6,989
3785,1,12,3784,6,989
3786,,,,,0
3787,,,,,0
3788,,,,,0
3789,,,,,0
3790,1,12,3790,8,46
3791,1,12,3790,8,46
3792,1,12,3792,6,1250
3793,1,12,3792,6,1250
3794,1,12,3794,7,114
3795,1,12,3794,7,114
3796,1,12,3796,7,1406
3797,1,12,3796,7,1406
3798,1,12,3798,8,191
3799,1,12,3798,8,191
3800,1,12,3800,7,1283
3801,1,12,3800,7,1283
3802,,,,,0
3803,,,,,0
3804,1,12,3804,8,67
3805,1,12,3804,8,67
3806,1,12,3806,9,288
3807,1,12,3806,9,288
3808,1,12,3808,6,656
3809,1,12,3808,6,656
3810,1,12,3810,7,588
3811,1,12,3810,7,588
3812,,,,,0
3813,,,,,0
3814,,,,,0
3815,,,,,0
3816,1,12,3816,7,1722
3817,1,12,3816,7,1722
3818,1,12,3818,8,1290
3819,1,12,3818,8,1290
3820,1,12,3820,8,191
3821,1,12,3820,8,191
3822,1,12,3822,9,3511
3823,1,12,3822,9,3511
3824,1,12,3824,7,121
3825,1,12,3824,7,121
3826,,,,,0
3827,,,,,0
3828,1,12,3828,8,2006
3829,1,12,3828,8,2006
3830,1,12,3830,9,46
3831,1,12,3830,9,46
3832,1,12,3832,8,29
3833,1,12,3832,8,29
3834,1,12,3834,9,1975
3835,1,12,3834,9,1975
3836,1,12,3836,9,401
3837,1,12,3836,9,401
3838,1,12,3838,10,876
3839,1,12,3838,10,876
3840,1,12,3840,4,106
3841,1,12,3840,4,106
3842,1,12,3842,5,699
3843,1,12,3842,5,699
3844,1,12,3844,5,466
3845,1,12,3844,5,466
3846,,,,,0
3847,,,,,0
3848,1,12,3848,5,775
3849,1,12,3848,5,775
3850,1,12,3850,6,4057
3851,1,12,3850,6,4057
3852,1,12,3852,6,735
3853,1,12,3852,6,735
3854,1,12,3854,7,1903
3855,1,12,3854,7,1903
3856,1,12,3856,5,121
3857,1,12,3856,5,121
3858,,,,,0
3859,,,,,0
3860,1,12,3860,6,191
3861,1,12,3860,6,191
3862,,,,,0
3863,,,,,0
3864,1,12,3864,6,2334
3865,1,12,3864,6,2334
3866,,,,,0
3867,,,,,0
3868,,,,,0
3869,,,,,0
3870,1,12,3870,8,2674
3871,1,12,3870,8,2674
3872,1,12,3872,5,553
3873,1,12,3872,5,553
3874,1,12,3874,6,405
3875,1,12,3874,6,405
3876,1,12,3876,6,3249
3877,1,12,3876,6,3249
3878,1,12,3878,7,114
3879,1,12,3878,7,114
3880,1,12,3880,6,810
3881,1,12,3880,6,810
3882,,,,,0
3883,,,,,0
3884,,,,,0
3885,,,,,0
3886,1,12,3886,8,2061
3887,1,12,3886,8,2061
3888,1,12,3888,6,1639
3889,1,12,3888,6,1639
3890,1,12,3890,7,46
3891,1,12,3890,7,46
3892,1,12,3892,7,401
3893,1,12,3892,7,401
3894,1,12,3894,8,2529
3895,1,12,3894,8,2529
3896,1,12,3896,7,29
3897,1,12,3896,7,29
3898,,,,,0
3899,,,,,0
3900,1,12,3900,8,4584
3901,1,12,3900,8,4584
3902,,,,,0
3903,,,,,0
3904,1,12,3904,5,1831
3905,1,12,3904,5,1831
3906,1,12,3906,6,3736
3907,1,12,3906,6,3736
3908,,,,,0
3909,,,,,0
3910,1,12,3910,7,2035
3911,1,12,3910,7,2035
3912,1,12,3912,6,306
3913,1,12,3912,6,306
3914,1,12,3914,7,876
3915,1,12,3914,7,876
3916,1,12,3916,7,1003
3917,1,12,3916,7,1003
3918,,,,,0
3919,,,,,0
3920,1,12,3920,6,1916
3921,1,12,3920,6,1916
3922,1,12,3922,7,2046
3923,1,12,3922,7,2046
3924,1,12,3924,7,735
3925,1,12,3924,7,735
3926,1,12,3926,8,405
3927,1,12,3926,8,405
3928,1,12,3928,7,29
3929,1,12,3928,7,29
3930,1,12,3930,8,588
3931,1,12,3930,8,588
3932,,,,,0
3933,,,,,0
3934,1,12,3934,9,114
3935,1,12,3934,9,114
3936,1,12,3936,6,1318
3937,1,12,3936,6,1318
3938,1,12,3938,7,288
3939,1,12,3938,7,288
3940,1,12,3940,7,191
3941,1,12,3940,7,191
3942,1,12,3942,8,1975
3943,1,12,3942,8,1975
3944,1,12,3944,7,573
3945,1,12,3944,7,573
3946,,,,,0
3947,,,,,0
3948,1,12,3948,8,1761
3949,1,12,3948,8,1761
3950,1,12,3950,9,1573
3951,1,12,3950,9,1573
3952,1,12,3952,7,372
3953,1,12,3952,7,372
3954,,,,,0
3955,,,,,0
3956,1,12,3956,8,1158
3957,1,12,3956,8,1158
3958,,,,,0
3959,,,,,0
3960,1,12,3960,8,4292
3961,1,12,3960,8,4292
3962,1,12,3962,9,114
3963,1,12,3962,9,114
3964,,,,,0
3965,,,,,0
3966,,,,,0
3967,,,,,0
3968,1,12,3968,5,466
3969,1,12,3968,5,466
3970,1,12,3970,6,46
3971,1,12,3970,6,46
3972,1,12,3972,6,67
3973,1,12,3972,6,67
3974,,,,,0
3975,,,,,0
3976,1,12,3976,6,1592
3977,1,12,3976,6,1592
3978,1,12,3978,7,3313
3979,1,12,3978,7,3313
3980,1,12,3980,7,191
3981,1,12,3980,7,191
3982,1,12,3982,8,288
3983,1,12,3982,8,288
3984,1,12,3984,6,1250
3985,1,12,3984,6,1250
3986,,,,,0
3987,,,,,0
3988,,,,,0
3989,,,,,0
3990,1,12,3990,8,4844
3991,1,12,3990,8,4844
3992,1,12,3992,7,29
3993,1,12,3992,7,29
3994,,,,,0
3995,,,,,0
3996,1,12,3996,8,1754
3997,1,12,3996,8,1754
3998,,,,,0
3999,,,,,0
4000,1,12,4000,6,798
4001,1,12,4000,6,798
4002,1,12,4002,7,3351
4003,1,12,4002,7,3351
4004,1,12,4004,7,2810
4005,1,12,4004,7,2810
4006,,,,,0
4007,,,,,0
4008,1,12,4008,7,306
4009,1,12,4008,7,306
4010,1,12,4010,8,46
4011,1,12,4010,8,46
4012,1,12,4012,8,1849
4013,1,12,4012,8,1849
4014,1,12,4014,9,191
4015,1,12,4014,9,191
4016,1,12,4016,7,121
4017,1,12,4016,7,121
4018,1,12,4018,8,2112
4019,1,12,4018,8,2112
4020,1,12,4020,8,2135
4021,1,12,4020,8,2135
4022,,,,,0
4023,,,,,0
4024,1,12,4024,8,29
4025,1,12,4024,8,29
4026,1,12,4026,9,2648
4027,1,12,4026,9,2648
4028,1,12,4028,9,1551
4029,1,12,4028,9,1551
4030,1,12,4030,10,2809
4031,1,12,4030,10,2809
4032,1,12,4032,6,2224
4033,1,12,4032,6,2224
4034,,,,,0
4035,,,,,0
4036,,,,,0
4037,,,,,0
4038,,,,,0
4039,,,,,0
4040,1,12,4040,7,810
4041,1,12,4040,7,810
4042,1,12,4042,8,1986
4043,1,12,4042,8,1986
4044,1,12,4044,8,67
4045,1,12,4044,8,67
4046,1,12,4046,9,813
4047,1,12,4046,9,813
4048,1,12,4048,7,431
4049,1,12,4048,7,431
4050,1,12,4050,8,5081
4051,1,12,4050,8,5081
4052,,,,,0
4053,,,,,0
4054,,,,,0
4055,,,,,0
4056,1,12,4056,8,1127
4057,1,12,4056,8,1127
4058,,,,,0
4059,,,,,0
4060,1,12,4060,9,1595
4061,1,12,4060,9,1595
4062,,,,,0
4063,,,,,0
4064,1,12,4064,7,497
4065,1,12,4064,7,497
4066,1,12,4066,8,876
4067,1,12,4066,8,876
4068,1,12,4068,8,735
4069,1,12,4068,8,735
4070,1,12,4070,9,2487
4071,1,12,4070,9,2487
4072,1,12,4072,8,29
4073,1,12,4072,8,29
4074,1,12,4074,9,1187
4075,1,12,4074,9,1187
4076,,,,,0
4077,,,,,0
4078,,,,,0
4079,,,,,0
4080,1,12,4080,8,2769
4081,1,12,4080,8,2769
4082,1,12,4082,9,405
4083,1,12,4082,9,405
4084,,,,,0
4085,,,,,0
4086,1,12,4086,10,191
4087,1,12,4086,10,191
4088,1,12,4088,9,1592
4089,1,12,4088,9,1592
4090,1,12,4090,10,46
4091,1,12,4090,10,46
4092,1,12,4092,10,2065
4093,1,12,4092,10,2065
4094,1,12,4094,11,1290
4095,1,12,4094,11,1290
4096,,,,,0
4097,,,,,0
4098,,,,,0
4099,,,,,0
4100,1,13,4100,2,1313
4101,1,13,4100,2,1313
4102,1,13,4102,3,114
4103,1,13,4102,3,114
4104,1,13,4104,2,2464
4105,1,13,4104,2,2464
4106,,,,,0
4107,,,,,0
4108,1,13,4108,3,1406
4109,1,13,4108,3,1406
4110,1,13,4110,4,588
4111,1,13,4110,4,588
4112,1,13,4112,2,121
4113,1,13,4112,2,121
4114,1,13,4114,3,987
4115,1,13,4114,3,987
4116,1,13,4116,3,1856
4117,1,13,4116,3,1856
4118,1,13,4118,4,2061
4119,1,13,4118,4,2061
4120,1,13,4120,3,810
4121,1,13,4120,3,810
4122,1,13,4122,4,191
4123,1,13,4122,4,191
4124,,,,,0
4125,,,,,0
4126,,,,,0
4127,,,,,0
4128,1,13,4128,2,1401
4129,1,13,4128,2,1401
4130,1,13,4130,3,2468
4131,1,13,4130,3,2468
4132,,,,,0
4133,,,,,0
4134,1,13,4134,4,2526
4135,1,13,4134,4,2526
4136,1,13,4136,3,1167
4137,1,13,4136,3,1167
4138,,,,,0
4139,,,,,0
4140,1,13,4140,4,4048
4141,1,13,4140,4,4048
4142,1,13,4142,5,876
4143,1,13,4142,5,876
4144,1,13,4144,3,810
4145,1,13,4144,3,810
4146,,,,,0
4147,,,,,0
4148,1,13,4148,4,1968
4149,1,13,4148,4,1968
4150,1,13,4150,5,1573
4151,1,13,4150,5,1573
4152,1,13,4152,4,306
4153,1,13,4152,4,306
4154,1,13,4154,5,2358
4155,1,13,4154,5,2358
4156,,,,,0
4157,,,,,0
4158,1,13,4158,6,5933
4159,1,13,4158,6,5933
4160,1,13,4160,2,2079
4161,1,13,4160,2,2079
4162,,,,,0
4163,,,,,0
4164,1,13,4164,3,67
4165,1,13,4164,3,67
4166,,,,,0
4167,,,,,0
4168,1,13,4168,3,29
4169,1,13,4168,3,29
4170,1,13,4170,4,588
4171,1,13,4170,4,588
4172,1,13,4172,4,379
4173,1,13,4172,4,379
4174,,,,,0
4175,,,,,0
4176,1,13,4176,3,1694
4177,1,13,4176,3,1694
4178,,,,,0
4179,,,,,0
4180,1,13,4180,4,2852
4181,1,13,4180,4,2852
4182,1,13,4182,5,2796
4183,1,13,4182,5,2796
4184,1,13,4184,4,29
4185,1,13,4184,4,29
4186,1,13,4186,5,1787
4187,1,13,4186,5,1787
4188,1,13,4188,5,67
4189,1,13,4188,5,67
4190,1,13,4190,6,46
4191,1,13,4190,6,46
4192,1,13,4192,3,497
4193,1,13,4192,3,497
4194,1,13,4194,4,191
4195,1,13,4194,4,191
4196,,,,,0
4197,,,,,0
4198,,,,,0
4199,,,,,0
4200,1,13,4200,4,3842
4201,1,13,4200,4,3842
4202,1,13,4202,5,288
4203,1,13,4202,5,288
4204,,,,,0
4205,,,,,0
4206,,,,,0
4207,,,,,0
4208,1,13,4208,4,121
4209,1,13,4208,4,121
4210,1,13,4210,5,46
4211,1,13,4210,5,46
4212,1,13,4212,5,3235
4213,1,13,4212,5,3235
4214,1,13,4214,6,2173
4215,1,13,4214,6,2173
4216,1,13,4216,5,632
4217,1,13,4216,5,632
4218,1,13,4218,6,3140
4219,1,13,4218,6,3140
4220,1,13,4220,6,191
4221,1,13,4220,6,191
4222,,,,,0
4223,,,,,0
4224,1,13,4224,2,585
4225,1,13,4224,2,585
4226,,,,,0
4227,,,,,0
4228,1,13,4228,3,379
4229,1,13,4228,3,379
4230,1,13,4230,4,2852
4231,1,13,4230,4,2852
4232,1,13,4232,3,283
4233,1,13,4232,3,283
4234,1,13,4234,4,2061
4235,1,13,4234,4,2061
4236,1,13,4236,4,67
4237,1,13,4236,4,67
4238,1,13,4238,5,405
4239,1,13,4238,5,405
4240,1,13,4240,3,1500
4241,1,13,4240,3,1500
4242,1,13,4242,4,1165
4243,1,13,4242,4,1165
4244,,,,,0
4245,,,,,0
4246,1,13,4246,5,288
4247,1,13,4246,5,288
4248,1,13,4248,4,2055
4249,1,13,4248,4,2055
4250,1,13,4250,5,2272
4251,1,13,4250,5,2272
4252,,,,,0
4253,,,,,0
4254,,,,,0
4255,,,,,0
4256,1,13,4256,3,669
4257,1,13,4256,3,669
4258,,,,,0
4259,,,,,0
4260,1,13,4260,4,2135
4261,1,13,4260,4,2135
4262,,,,,0
4263,,,,,0
4264,1,13,4264,4,929
4265,1,13,4264,4,929
4266,1,13,4266,5,1975
4267,1,13,4266,5,1975
4268,1,13,4268,5,1003
4269,1,13,4268,5,1003
4270,1,13,4270,6,2565
4271,1,13,4270,6,2565
4272,1,13,4272,4,1250
4273,1,13,4272,4,1250
4274,,,,,0
4275,,,,,0
4276,,,,,0
4277,,,,,0
4278,1,13,4278,6,3648
4279,1,13,4278,6,3648
4280,1,13,4280,5,810
4281,1,13,4280,5,810
4282,,,,,0
4283,,,,,0
4284,1,13,4284,6,4692
4285,1,13,4284,6,4692
4286,,,,,0
4287,,,,,0
4288,1,13,4288,3,2000
4289,1,13,4288,3,2000
4290,1,13,4290,4,6038
4291,1,13,4290,4,6038
4292,1,13,4292,4,1074
4293,1,13,4292,4,1074
4294,1,13,4294,5,876
4295,1,13,4294,5,876
4296,1,13,4296,4,306
4297,1,13,4296,4,306
4298,1,13,4298,5,92
4299,1,13,4298,5,92
4300,1,13,4300,5,1396
4301,1,13,4300,5,1396
4302,1,13,4302,6,191
4303,1,13,4302,6,191
4304,1,13,4304,4,121
4305,1,13,4304,4,121
4306,,,,,0
4307,,,,,0
4308,1,13,4308,5,67
4309,1,13,4308,5,67
4310,1,13,4310,6,46
4311,1,13,4310,6,46
4312,1,13,4312,5,2803
4313,1,13,4312,5,2803
4314,,,,,0
4315,,,,,0
4316,1,13,4316,6,1406
4317,1,13,4316,6,1406
4318,1,13,4318,7,699
4319,1,13,4318,7,699
4320,1,13,4320,4,1983
4321,1,13,4320,4,1983
4322,,,,,0
4323,,,,,0
4324,1,13,4324,5,1336
4325,1,13,4324,5,1336
4326,1,13,4326,6,1165
4327,1,13,4326,6,1165
4328,1,13,4328,5,29
4329,1,13,4328,5,29
4330,1,13,4330,6,46
4331,1,13,4330,6,46
4332,1,13,4332,6,1836
4333,1,13,4332,6,1836
4334,1,13,4334,7,288
4335,1,13,4334,7,288
4336,1,13,4336,5,121
4337,1,13,4336,5,121
4338,1,13,4338,6,191
4339,1,13,4338,6,191
4340,1,13,4340,6,1632
4341,1,13,4340,6,1632
4342,1,13,4342,7,405
4343,1,13,4342,7,405
4344,1,13,4344,6,306
4345,1,13,4344,6,306
4346,1,13,4346,7,2200
4347,1,13,4346,7,2200
4348,,,,,0
4349,,,,,0
4350,1,13,4350,8,4176
4351,1,13,4350,8,4176
4352,1,13,4352,2,137
4353,1,13,4352,2,137
4354,1,13,4354,3,92
4355,1,13,4354,3,92
4356,1,13,4356,3,2267
4357,1,13,4356,3,2267
4358,,,,,0
4359,,,,,0
4360,1,13,4360,3,810
4361,1,13,4360,3,810
4362,,,,,0
4363,,,,,0
4364,,,,,0
4365,,,,,0
4366,1,13,4366,5,2379
4367,1,13,4366,5,2379
4368,1,13,4368,3,2282
4369,1,13,4368,3,2282
4370,1,13,4370,4,2212
4371,1,13,4370,4,2212
4372,,,,,0
4373,,,,,0
4374,1,13,4374,5,1975
4375,1,13,4374,5,1975
4376,1,13,4376,4,29
4377,1,13,4376,4,29
4378,1,13,4378,5,288
4379,1,13,4378,5,288
4380,1,13,4380,5,2135
4381,1,13,4380,5,2135
4382,1,13,4382,6,92
4383,1,13,4382,6,92
4384,1,13,4384,3,497
4385,1,13,4384,3,497
4386,1,13,4386,4,2879
4387,1,13,4386,4,2879
4388,,,,,0
4389,,,,,0
4390,1,13,4390,5,46
4391,1,13,4390,5,46
4392,1,13,4392,4,2174
4393,1,13,4392,4,2174
4394,1,13,4394,5,405
4395,1,13,4394,5,405
4396,1,13,4396,5,379
4397,1,13,4396,5,379
4398,,,,,0
4399,,,,,0
4400,1,13,4400,4,1964
4401,1,13,4400,4,1964
4402,1,13,4402,5,2358
4403,1,13,4402,5,2358
4404,1,13,4404,5,67
4405,1,13,4404,5,67
4406,,,,,0
4407,,,,,0
4408,1,13,4408,5,608
4409,1,13,4408,5,608
4410,1,13,4410,6,6662
4411,1,13,4410,6,6662
4412,,,,,0
4413,,,,,0
4414,,,,,0
4415,,,,,0
4416,1,13,4416,3,2254
4417,1,13,4416,3,2254
4418,1,13,4418,4,1082
4419,1,13,4418,4,1082
4420,1,13,4420,4,3734
4421,1,13,4420,4,3734
4422,1,13,4422,5,2817
4423,1,13,4422,5,2817
4424,1,13,4424,4,1570
4425,1,13,4424,4,1570
4426,,,,,0
4427,,,,,0
4428,1,13,4428,5,1908
4429,1,13,4428,5,1908
4430,1,13,4430,6,46
4431,1,13,4430,6,46
4432,1,13,4432,4,121
4433,1,13,4432,4,121
4434,,,,,0
4435,,,,,0
4436,,,,,0
4437,,,,,0
4438,1,13,4438,6,92
4439,1,13,4438,6,92
4440,1,13,4440,5,1860
4441,1,13,4440,5,1860
4442,,,,,0
4443,,,,,0
4444,1,13,4444,6,1003
4445,1,13,4444,6,1003
4446,1,13,4446,7,3811
4447,1,13,4446,7,3811
4448,1,13,4448,4,497
4449,1,13,4448,4,497
4450,1,13,4450,5,1573
4451,1,13,4450,5,1573
4452,1,13,4452,5,2036
4453,1,13,4452,5,2036
4454,1,13,4454,6,699
4455,1,13,4454,6,699
4456,1,13,4456,5,29
4457,1,13,4456,5,29
4458,,,,,0
4459,,,,,0
4460,1,13,4460,6,191
4461,1,13,4460,6,191
4462,1,13,4462,7,1290
4463,1,13,4462,7,1290
4464,1,13,4464,5,1753
4465,1,13,4464,5,1753
4466,1,13,4466,6,2441
4467,1,13,4466,6,2441
4468,,,,,0
4469,,,,,0
4470,1,13,4470,7,588
4471,1,13,4470,7,588
4472,1,13,4472,6,1012
4473,1,13,4472,6,1012
4474,,,,,0
4475,,,,,0
4476,1,13,4476,7,67
4477,1,13,4476,7,67
4478,,,,,0
4479,,,,,0
4480,1,13,4480,3,596
4481,1,13,4480,3,596
4482,1,13,4482,4,1975
4483,1,13,4482,4,1975
4484,1,13,4484,4,1884
4485,1,13,4484,4,1884
4486,,,,,0
4487,,,,,0
4488,1,13,4488,4,2304
4489,1,13,4488,4,2304
4490,1,13,4490,5,46
4491,1,13,4490,5,46
4492,,,,,0
4493,,,,,0
4494,1,13,4494,6,1165
4495,1,13,4494,6,1165
4496,1,13,4496,4,121
4497,1,13,4496,4,121
4498,1,13,4498,5,405
4499,1,13,4498,5,405
4500,1,13,4500,5,4095
4501,1,13,4500,5,4095
4502,,,,,0
4503,,,,,0
4504,1,13,4504,5,29
4505,1,13,4504,5,29
4506,,,,,0
4507,,,,,0
4508,1,13,4508,6,1810
4509,1,13,4508,6,1810
4510,1,13,4510,7,2641
4511,1,13,4510,7,2641
4512,1,13,4512,4,1579
4513,1,13,4512,4,1579
4514,1,13,4514,5,2498
4515,1,13,4514,5,2498
4516,,,,,0
4517,,,,,0
4518,1,13,4518,6,191
4519,1,13,4518,6,191
4520,1,13,4520,5,810
4521,1,13,4520,5,810
4522,1,13,4522,6,1667
4523,1,13,4522,6,1667
4524,1,13,4524,6,2622
4525,1,13,4524,6,2622
4526,1,13,4526,7,2358
4527,1,13,4526,7,2358
4528,1,13,4528,5,121
4529,1,13,4528,5,121
4530,1,13,4530,6,588
4531,1,13,4530,6,588
4532,1,13,4532,6,1003
4533,1,13,4532,6,1003
4534,,,,,0
4535,,,,,0
4536,1,13,4536,6,4401
4537,1,13,4536,6,4401
4538,,,,,0
4539,,,,,0
4540,1,13,4540,7,191
4541,1,13,4540,7,191
4542,,,,,0
4543,,,,,0
4544,1,13,4544,4,2000
4545,1,13,4544,4,2000
4546,,,,,0
4547,,,,,0
4548,1,13,4548,5,67
4549,1,13,4548,5,67
4550,1,13,4550,6,4666
4551,1,13,4550,6,4666
4552,1,13,4552,5,29
4553,1,13,4552,5,29
4554,1,13,4554,6,4298
4555,1,13,4554,6,4298
4556,1,13,4556,6,2137
4557,1,13,4556,6,2137
4558,1,13,4558,7,2283
4559,1,13,4558,7,2283
4560,1,13,4560,5,3125
4561,1,13,4560,5,3125
4562,,,,,0
4563,,,,,0
4564,1,13,4564,6,379
4565,1,13,4564,6,379
4566,,,,,0
4567,,,,,0
4568,1,13,4568,6,29
4569,1,13,4568,6,29
4570,1,13,4570,7,46
4571,1,13,4570,7,46
4572,1,13,4572,7,735
4573,1,13,4572,7,735
4574,,,,,0
4575,,,,,0
4576,1,13,4576,5,632
4577,1,13,4576,5,632
4578,1,13,4578,6,1165
4579,1,13,4578,6,1165
4580,1,13,4580,6,191
4581,1,13,4580,6,191
4582,1,13,4582,7,2061
4583,1,13,4582,7,2061
4584,1,13,4584,6,306
4585,1,13,4584,6,306
4586,,,,,0
4587,,,,,0
4588,1,13,4588,7,1133
4589,1,13,4588,7,1133
4590,1,13,4590,8,5529
4591,1,13,4590,8,5529
4592,1,13,4592,6,942
4593,1,13,4592,6,942
4594,,,,,0
4595,,,,,0
4596,1,13,4596,7,67
4597,1,13,4596,7,67
4598,1,13,4598,8,1164
4599,1,13,4598,8,1164
4600,1,13,4600,7,1365
4601,1,13,4600,7,1365
4602,1,13,4602,8,2859
4603,1,13,4602,8,2859
4604,,,,,0
4605,,,,,0
4606,1,13,4606,9,2351
4607,1,13,4606,9,2351
4608,1,13,4608,2,37
4609,1,13,4608,2,37
4610,1,13,4610,3,46
4611,1,13,4610,3,46
4612,,,,,0
4613,,,,,0
4614,,,,,0
4615,,,,,0
4616,1,13,4616,3,29
4617,1,13,4616,3,29
4618,,,,,0
4619,,,,,0
4620,1,13,4620,4,6339
4621,1,13,4620,4,6339
4622,,,,,0
4623,,,,,0
4624,1,13,4624,3,258
4625,1,13,4624,3,258
4626,1,13,4626,4,191
4627,1,13,4626,4,191
4628,1,13,4628,4,1406
4629,1,13,4628,4,1406
4630,1,13,4630,5,46
4631,1,13,4630,5,46
4632,1,13,4632,4,306
4633,1,13,4632,4,306
4634,1,13,4634,5,92
4635,1,13,4634,5,92
4636,1,13,4636,5,2003
4637,1,13,4636,5,2003
4638,,,,,0
4639,,,,,0
4640,1,13,4640,3,904
4641,1,13,4640,3,904
4642,1,13,4642,4,288
4643,1,13,4642,4,288
4644,1,13,4644,4,1991
4645,1,13,4644,4,1991
4646,1,13,4646,5,1290
4647,1,13,4646,5,1290
4648,1,13,4648,4,1570
4649,1,13,4648,4,1570
4650,1,13,4650,5,4473
4651,1,13,4650,5,4473
4652,,,,,0
4653,,,,,0
4654,1,13,4654,6,405
4655,1,13,4654,6,405
4656,1,13,4656,4,1250
4657,1,13,4656,4,1250
4658,1,13,4658,5,699
4659,1,13,4658,5,699
4660,1,13,4660,5,191
4661,1,13,4660,5,191
4662,1,13,4662,6,3977
4663,1,13,4662,6,3977
4664,1,13,4664,5,1464
4665,1,13,4664,5,1464
4666,,,,,0
4667,,,,,0
4668,1,13,4668,6,67
4669,1,13,4668,6,67
4670,1,13,4670,7,46
4671,1,13,4670,7,46
4672,1,13,4672,3,2000
4673,1,13,4672,3,2000
4674,1,13,4674,4,3294
4675,1,13,4674,4,3294
4676,1,13,4676,4,379
4677,1,13,4676,4,379
4678,,,,,0
4679,,,,,0
4680,1,13,4680,4,5042
4681,1,13,4680,4,5042
4682,,,,,0
4683,,,,,0
4684,,,,,0
4685,,,,,0
4686,1,13,4686,6,2817
4687,1,13,4686,6,2817
4688,1,13,4688,4,121
4689,1,13,4688,4,121
4690,1,13,4690,5,2734
4691,1,13,4690,5,2734
4692,1,13,4692,5,3734
4693,1,13,4692,5,3734
4694,,,,,0
4695,,,,,0
4696,1,13,4696,5,29
4697,1,13,4696,5,29
4698,1,13,4698,6,4036
4699,1,13,4698,6,4036
4700,1,13,4700,6,1574
4701,1,13,4700,6,1574
4702,,,,,0
4703,,,,,0
4704,1,13,4704,4,1885
4705,1,13,4704,4,1885
4706,1,13,4706,5,405
4707,1,13,4706,5,405
4708,1,13,4708,5,1003
4709,1,13,4708,5,1003
4710,1,13,4710,6,588
4711,1,13,4710,6,588
4712,1,13,4712,5,667
4713,1,13,4712,5,667
4714,,,,,0
4715,,,,,0
4716,1,13,4716,6,735
4717,1,13,4716,6,735
4718,1,13,4718,7,92
4719,1,13,4718,7,92
4720,1,13,4720,5,1833
4721,1,13,4720,5,1833
4722,,,,,0
4723,,,,,0
4724,,,,,0
4725,,,,,0
4726,1,13,4726,7,699
4727,1,13,4726,7,699
4728,1,13,4728,6,306
4729,1,13,4728,6,306
4730,1,13,4730,7,2724
4731,1,13,4730,7,2724
4732,1,13,4732,7,1785
4733,1,13,4732,7,1785
4734,1,13,4734,8,191
4735,1,13,4734,8,191
4736,1,13,4736,3,667
4737,1,13,4736,3,667
4738,1,13,4738,4,1290
4739,1,13,4738,4,1290
4740,1,13,4740,4,2135
4741,1,13,4740,4,2135
4742,,,,,0
4743,,,,,0
4744,1,13,4744,4,29
4745,1,13,4744,4,29
4746,1,13,4746,5,1165
4747,1,13,4746,5,1165
4748,,,,,0
4749,,,,,0
4750,1,13,4750,6,2449
4751,1,13,4750,6,2449
4752,1,13,4752,4,2224
4753,1,13,4752,4,2224
4754,,,,,0
4755,,,,,0
4756,1,13,4756,5,1228
4757,1,13,4756,5,1228
4758,1,13,4758,6,2978
4759,1,13,4758,6,2978
4760,1,13,4760,5,3055
4761,1,13,4760,5,3055
4762,,,,,0
4763,,,,,0
4764,1,13,4764,6,67
4765,1,13,4764,6,67
4766,,,,,0
4767,,,,,0
4768,1,13,4768,4,497
4769,1,13,4768,4,497
4770,1,13,4770,5,3149
4771,1,13,4770,5,3149
4772,,,,,0
4773,,,,,0
4774,1,13,4774,6,2738
4775,1,13,4774,6,2738
4776,1,13,4776,5,277
4777,1,13,4776,5,277
4778,,,,,0
4779,,,,,0
4780,1,13,4780,6,191
4781,1,13,4780,6,191
4782,,,,,0
4783,,,,,0
4784,1,13,4784,5,454
4785,1,13,4784,5,454
4786,,,,,0
4787,,,,,0
4788,1,13,4788,6,5048
4789,1,13,4788,6,5048
4790,1,13,4790,7,46
4791,1,13,4790,7,46
4792,,,,,0
4793,,,,,0
4794,1,13,4794,7,3057
4795,1,13,4794,7,3057
4796,1,13,4796,7,1003
4797,1,13,4796,7,1003
4798,,,,,0
4799,,,,,0
4800,1,13,4800,4,2407
4801,1,13,4800,4,2407
4802,1,13,4802,5,1269
4803,1,13,4802,5,1269
4804,,,,,0
4805,,,,,0
4806,1,13,4806,6,1975
4807,1,13,4806,6,1975
4808,,,,,0
4809,,,,,0
4810,1,13,4810,6,3118
4811,1,13,4810,6,3118
4812,1,13,4812,6,67
4813,1,13,4812,6,67
4814,1,13,4814,7,2061
4815,1,13,4814,7,2061
4816,1,13,4816,5,1025
4817,1,13,4816,5,1025
4818,1,13,4818,6,2817
4819,1,13,4818,6,2817
4820,1,13,4820,6,191
4821,1,13,4820,6,191
4822,,,,,0
4823,,,,,0
4824,1,13,4824,6,2314
4825,1,13,4824,6,2314
4826,1,13,4826,7,876
4827,1,13,4826,7,876
4828,1,13,4828,7,2137
4829,1,13,4828,7,2137
4830,1,13,4830,8,5639
4831,1,13,4830,8,5639
4832,1,13,4832,5,497
4833,1,13,4832,5,497
4834,,,,,0
4835,,,,,0
4836,1,13,4836,6,2681
4837,1,13,4836,6,2681
4838,1,13,4838,7,2533
4839,1,13,4838,7,2533
4840,1,13,4840,6,2323
4841,1,13,4840,6,2323
4842,1,13,4842,7,191
4843,1,13,4842,7,191
4844,1,13,4844,7,379
4845,1,13,4844,7,379
4846,,,,,0
4847,,,,,0
4848,1,13,4848,6,1250
4849,1,13,4848,6,1250
4850,1,13,4850,7,1573
4851,1,13,4850,7,1573
4852,,,,,0
4853,,,,,0
4854,,,,,0
4855,,,,,0
4856,,,,,0
4857,,,,,0
4858,1,13,4858,8,92
4859,1,13,4858,8,92
4860,1,13,4860,8,4146
4861,1,13,4860,8,4146
4862,1,13,4862,9,1392
4863,1,13,4862,9,1392
4864,1,13,4864,3,172
4865,1,13,4864,3,172
4866,,,,,0
4867,,,,,0
4868,,,,,0
4869,,,,,0
4870,1,13,4870,5,46
4871,1,13,4870,5,46
4872,1,13,4872,4,2436
4873,1,13,4872,4,2436
4874,,,,,0
4875,,,,,0
4876,1,13,4876,5,1633
4877,1,13,4876,5,1633
4878,1,13,4878,6,191
4879,1,13,4878,6,191
4880,1,13,4880,4,1952
4881,1,13,4880,4,1952
4882,,,,,0
4883,,,,,0
4884,1,13,4884,5,2266
4885,1,13,4884,5,2266
4886,1,13,4886,6,92
4887,1,13,4886,6,92
4888,1,13,4888,5,1161
4889,1,13,4888,5,1161
4890,1,13,4890,6,588
4891,1,13,4890,6,588
4892,,,,,0
4893,,,,,0
4894,,,,,0
4895,,,,,0
4896,1,13,4896,4,1947
4897,1,13,4896,4,1947
4898,1,13,4898,5,2358
4899,1,13,4898,5,2358
4900,1,13,4900,5,2644
4901,1,13,4900,5,2644
4902,1,13,4902,6,3377
4903,1,13,4902,6,3377
4904,,,,,0
4905,,,,,0
4906,1,13,4906,6,288
4907,1,13,4906,6,288
4908,1,13,4908,6,67
4909,1,13,4908,6,67
4910,1,13,4910,7,46
4911,1,13,4910,7,46
4912,1,13,4912,5,121
4913,1,13,4912,5,121
4914,1,13,4914,6,6241
4915,1,13,4914,6,6241
4916,,,,,0
4917,,,,,0
4918,,,,,0
4919,,,,,0
4920,1,13,4920,6,1985
4921,1,13,4920,6,1985
4922,1,13,4922,7,1290
4923,1,13,4922,7,1290
4924,,,,,0
4925,,,,,0
4926,,,,,0
4927,,,,,0
4928,1,13,4928,4,2056
4929,1,13,4928,4,2056
4930,1,13,4930,5,2806
4931,1,13,4930,5,2806
4932,1,13,4932,5,735
4933,1,13,4932,5,735
4934,,,,,0
4935,,,,,0
4936,,,,,0
4937,,,,,0
4938,,,,,0
4939,,,,,0
4940,1,13,4940,6,3769
4941,1,13,4940,6,3769
4942,1,13,4942,7,92
4943,1,13,4942,7,92
4944,1,13,4944,5,1250
4945,1,13,4944,5,1250
4946,,,,,0
4947,,,,,0
4948,,,,,0
4949,,,,,0
4950,1,13,4950,7,7600
4951,1,13,4950,7,7600
4952,,,,,0
4953,,,,,0
4954,,,,,0
4955,,,,,0
4956,1,13,4956,7,2369
4957,1,13,4956,7,2369
4958,1,13,4958,8,2667
4959,1,13,4958,8,2667
4960,1,13,4960,5,963
4961,1,13,4960,5,963
4962,,,,,0
4963,,,,,0
4964,1,13,4964,6,2137
4965,1,13,4964,6,2137
4966,1,13,4966,7,405
4967,1,13,4966,7,405
4968,1,13,4968,6,2920
4969,1,13,4968,6,2920
4970,1,13,4970,7,2734
4971,1,13,4970,7,2734
4972,1,13,4972,7,1003
4973,1,13,4972,7,1003
4974,,,,,0
4975,,,,,0
4976,1,13,4976,6,121
4977,1,13,4976,6,121
4978,1,13,4978,7,876
4979,1,13,4978,7,876
4980,1,13,4980,7,2135
4981,1,13,4980,7,2135
4982,1,13,4982,8,2461
4983,1,13,4982,8,2461
4984,1,13,4984,7,1541
4985,1,13,4984,7,1541
4986,1,13,4986,8,191
4987,1,13,4986,8,191
4988,1,13,4988,8,1311
4989,1,13,4988,8,1311
4990,1,13,4990,9,46
4991,1,13,4990,9,46
4992,1,13,4992,4,821
4993,1,13,4992,4,821
4994,1,13,4994,5,288
4995,1,13,4994,5,288
4996,,,,,0
4997,,,,,0
4998,1,13,4998,6,4317
4999,1,13,4998,6,4317
5000,1,13,5000,5,1082
